peptide,HLA,immunogenicity-un
NVFAFPFTIY,HLA-B*15:01,0
IEYPIIGDEL,HLA-B*40:01,1
SELVIGAVIL,HLA-B*40:01,0
GYINVFAFPF,HLA-A*24:02,0
IQYIDIGNY,HLA-B*15:01,0
FLAFVVFLL,HLA-A*02:01,0
KVSIWNLDY,HLA-B*15:01,0
FIAGLIAIV,HLA-A*02:01,0
KLFAAETLK,HLA-A*03:01,1
VTLAILTALR,HLA-A*11:01,0
QYIKWPWYI,HLA-A*24:02,1
NPANNAAIVL,HLA-B*07:02,0
QRNAPRITF,HLA-C*07:02,0
LEYHDVRVVL,HLA-B*40:01,0
SYFIASFRLF,HLA-A*24:02,0
YIDIGNYTV,HLA-A*02:01,0
KLLEQWNLV,HLA-A*02:01,0
EYHDVRVVL,HLA-C*07:02,0
GTITVEELKK,HLA-A*11:01,0
VRFPNITNL,HLA-C*07:02,0
IRQEEVQEL,HLA-C*07:02,0
NYMPYFFTL,HLA-C*07:02,0
GTGPEAGLPY,HLA-A*01:01,0
RQEEVQELY,HLA-B*15:01,0
RQEEVQELY,HLA-A*01:01,0
ASMPTTIAK,HLA-A*11:01,0
NRFLYIIKL,HLA-C*07:02,0
TPINLVRDL,HLA-B*07:02,0
RIAGHHLGR,HLA-A*03:01,0
WLSYFIASF,HLA-B*15:01,0
ATEGALNTPK,HLA-A*11:01,0
FIRQEEVQEL,HLA-A*02:01,0
ASKIITLKK,HLA-A*11:01,0
KKADETQAL,HLA-C*07:02,0
MEVTPSGTWL,HLA-B*40:01,0
SPDDQIGYY,HLA-A*01:01,0
AEIVDTVSAL,HLA-B*40:01,0
VYIGDPAQL,HLA-A*24:02,0
APHGHVMVEL,HLA-B*07:02,0
AGDSGFAAY,HLA-A*01:01,0
NESLIDLQEL,HLA-B*40:01,0
FLYLYALVY,HLA-B*15:01,0
APFLYLYAL,HLA-B*07:02,0
ASAFFGMSR,HLA-A*11:01,0
FPFTIYSLLL,HLA-B*07:02,0
SVLNDILSR,HLA-A*11:01,0
RPLLESELVI,HLA-B*07:02,0
LTDEMIAQY,HLA-A*01:01,0
VTYVPAQEK,HLA-A*03:01,0
KTFPPTEPKK,HLA-A*03:01,0
FPRGQGVPI,HLA-B*07:02,0
TTDPSFLGRY,HLA-A*01:01,1
KPSFYVYSRV,HLA-B*07:02,0
LLNKHIDAY,HLA-B*15:01,0
LLLLDRLNQL,HLA-A*02:01,0
HPLADNKFAL,HLA-B*07:02,0
YEGNSPFHPL,HLA-B*40:01,1
SSTASALGK,HLA-A*11:01,0
TEVPANSTVL,HLA-B*40:01,0
VYDPLQPEL,HLA-C*07:02,0
PFHPLADNKF,HLA-A*24:02,0
VLQLPQGTTL,HLA-A*02:01,0
NIVNVSLVK,HLA-A*03:01,0
IYNDKVAGF,HLA-C*07:02,0
ALSKGVHFV,HLA-A*02:01,0
GVKHVYQLR,HLA-A*11:01,0
KLDDKDPNFK,HLA-A*03:01,0
TPKYKFVRI,HLA-B*08:01,1
LVKPSFYVY,HLA-B*15:01,0
FVKHKHAFL,HLA-B*08:01,0
LIDLQELGKY,HLA-A*01:01,0
FLLPSLATV,HLA-A*02:01,0
VYFLQSINF,HLA-A*24:02,0
YLKLRSDVL,HLA-B*08:01,0
NLIIKNLSK,HLA-A*11:01,0
NLIIKNLSK,HLA-A*03:01,0
QLRARSVSPK,HLA-A*03:01,0
EPKLGSLVV,HLA-B*07:02,0
VLKGVKLHY,HLA-B*15:01,0
TEAFEKMVSL,HLA-B*40:01,0
SEPVLKGVKL,HLA-B*40:01,0
YYQLYSTQL,HLA-C*07:02,0
FYVYSRVKNL,HLA-A*24:02,0
EPVLKGVKL,HLA-B*08:01,0
GAKLKALNL,HLA-B*08:01,0
DLKGKYVQI,HLA-B*08:01,1
RLFRKSNLK,HLA-A*03:01,0
EAFEKMVSL,HLA-B*08:01,1
VPMEKLKTL,HLA-B*08:01,0
YQKVGMQKY,HLA-B*15:01,0
IIKNLSKSL,HLA-B*08:01,0
TLDSKTQSL,HLA-B*08:01,0
