allele,peptide,measurement_value
HLA-B*15:01,NVFAFPFTIY,0
HLA-B*40:01,IEYPIIGDEL,1
HLA-B*40:01,SELVIGAVIL,1
HLA-A*24:02,GYINVFAFPF,0
HLA-B*15:01,IQYIDIGNY,0
HLA-A*02:01,FLAFVVFLL,0
HLA-B*15:01,KVSIWNLDY,0
HLA-A*02:01,FIAGLIAIV,0
HLA-A*03:01,KLFAAETLK,1
HLA-A*11:01,VTLAILTALR,0
HLA-A*24:02,QYIKWPWYI,1
HLA-B*07:02,NPANNAAIVL,1
HLA-C*07:02,QRNAPRITF,1
HLA-B*40:01,LEYHDVRVVL,1
HLA-A*24:02,SYFIASFRLF,0
HLA-A*02:01,YIDIGNYTV,0
HLA-A*02:01,KLLEQWNLV,0
HLA-C*07:02,EYHDVRVVL,0
HLA-A*11:01,GTITVEELKK,0
HLA-C*07:02,VRFPNITNL,0
HLA-C*07:02,IRQEEVQEL,0
HLA-C*07:02,NYMPYFFTL,0
HLA-A*01:01,GTGPEAGLPY,0
HLA-B*15:01,RQEEVQELY,0
HLA-A*01:01,RQEEVQELY,0
HLA-A*11:01,ASMPTTIAK,1
HLA-C*07:02,NRFLYIIKL,1
HLA-B*07:02,TPINLVRDL,0
HLA-A*03:01,RIAGHHLGR,0
HLA-B*15:01,WLSYFIASF,0
HLA-A*11:01,ATEGALNTPK,1
HLA-A*02:01,FIRQEEVQEL,0
HLA-A*11:01,ASKIITLKK,0
HLA-C*07:02,KKADETQAL,0
HLA-B*40:01,MEVTPSGTWL,1
HLA-A*01:01,SPDDQIGYY,0
HLA-B*40:01,AEIVDTVSAL,0
HLA-A*24:02,VYIGDPAQL,1
HLA-B*07:02,APHGHVMVEL,0
HLA-A*01:01,AGDSGFAAY,0
HLA-B*40:01,NESLIDLQEL,0
HLA-B*15:01,FLYLYALVY,0
HLA-B*07:02,APFLYLYAL,0
HLA-A*11:01,ASAFFGMSR,0
HLA-B*07:02,FPFTIYSLLL,0
HLA-A*11:01,SVLNDILSR,0
HLA-B*07:02,RPLLESELVI,0
HLA-A*01:01,LTDEMIAQY,1
HLA-A*03:01,VTYVPAQEK,0
HLA-A*03:01,KTFPPTEPKK,1
HLA-B*07:02,FPRGQGVPI,1
HLA-A*01:01,TTDPSFLGRY,1
HLA-B*07:02,KPSFYVYSRV,0
HLA-B*15:01,LLNKHIDAY,0
HLA-A*02:01,LLLLDRLNQL,1
HLA-B*07:02,HPLADNKFAL,0
HLA-B*40:01,YEGNSPFHPL,0
HLA-A*11:01,SSTASALGK,0
HLA-B*40:01,TEVPANSTVL,0
HLA-C*07:02,VYDPLQPEL,0
HLA-A*24:02,PFHPLADNKF,0
HLA-A*02:01,VLQLPQGTTL,0
HLA-A*03:01,NIVNVSLVK,0
HLA-C*07:02,IYNDKVAGF,0
HLA-A*02:01,ALSKGVHFV,1
HLA-A*11:01,GVKHVYQLR,0
HLA-A*03:01,KLDDKDPNFK,0
HLA-B*08:01,TPKYKFVRI,0
HLA-B*15:01,LVKPSFYVY,0
HLA-B*08:01,FVKHKHAFL,1
HLA-A*01:01,LIDLQELGKY,0
HLA-A*02:01,FLLPSLATV,0
HLA-A*24:02,VYFLQSINF,1
HLA-B*08:01,YLKLRSDVL,0
HLA-A*11:01,NLIIKNLSK,0
HLA-A*03:01,NLIIKNLSK,0
HLA-A*03:01,QLRARSVSPK,1
HLA-B*07:02,EPKLGSLVV,0
HLA-B*15:01,VLKGVKLHY,0
HLA-B*40:01,TEAFEKMVSL,0
HLA-B*40:01,SEPVLKGVKL,0
HLA-C*07:02,YYQLYSTQL,1
HLA-A*24:02,FYVYSRVKNL,1
HLA-B*08:01,EPVLKGVKL,0
HLA-B*08:01,GAKLKALNL,0
HLA-B*08:01,DLKGKYVQI,1
HLA-A*03:01,RLFRKSNLK,0
HLA-B*08:01,EAFEKMVSL,1
HLA-B*08:01,VPMEKLKTL,0
HLA-B*15:01,YQKVGMQKY,0
HLA-B*08:01,IIKNLSKSL,0
HLA-B*08:01,TLDSKTQSL,0
