peptide,allele,measurement_value
AAAAGWQTL,HLA-A*02:01,1
AAAASTYTGF,HLA-B*44:02,1
AAAGDKLSL,HLA-A*02:01,1
AAAGFLFCV,HLA-A*02:01,1
AAANIIRTL,HLA-A*02:01,1
AAAWYLWEV,HLA-A*02:01,1
AAFEDLRVL,HLA-B*35:03,1
AAGIGILTV,HLA-A*02:01,1
AAGIGILTV,HLA-A*02:20,1
AAHARFVAA,HLA-B*08:01,1
AAMAAQLQA,HLA-A*02:01,1
AAMASASLV,HLA-A*02:01,1
AAMDGGGFY,HLA-A*29:02,0
AAPPPQRAA,HLA-A*02:01,0
AATGIAAVL,HLA-A*02:01,0
AAVKAGAAL,HLA-B*07:02,1
ACDPHSGHFV,HLA-A*02:01,1
ADLMGYIPLV,HLA-A*02:01,1
ADVEFCLSL,HLA-A*02:01,0
AEFTVPKFL,HLA-B*44:02,0
AELIEANLLW,HLA-B*44:02,1
AERQGSPTPA,HLA-B*45:01,1
AEVIAPAVQT,HLA-B*44:02,1
AFTFSPTYK,HLA-A*11:01,0
AFYGVWPLL,HLA-A*24:02,1
AGLGQVPLI,HLA-A*02:01,0
AGVASADPV,HLA-A*02:01,0
AHVDKCLEL,HLA-B*07:02,1
AIATFAAPV,HLA-A*02:01,1
AIAVASGLLW,HLA-B*44:02,1
AICGKYLFNW,HLA-B*44:02,1
AIFCITYYI,HLA-A*02:01,0
AIGEVLVSV,HLA-A*02:01,1
AIGGAATGI,HLA-A*02:01,0
AIGGGKLPAL,HLA-A*02:01,0
AIHLYFLFV,HLA-A*02:01,0
AIIGLCAYA,HLA-A*02:01,0
AIILVIFTV,HLA-A*02:01,0
AIIRILQQL,HLA-A*02:01,1
AIISGDSPV,HLA-A*02:01,1
AILHTPGCV,HLA-A*02:01,1
AIMDKNIIL,HLA-A*02:01,1
AIMDKNIML,HLA-A*02:01,1
AIMDKNITL,HLA-A*02:01,1
AIMDKTVIL,HLA-A*02:01,0
AIMDKVIIL,HLA-A*02:01,1
AIMEKNIIL,HLA-A*02:01,1
AIMEKNIVL,HLA-A*02:01,1
AINSEMFLR,HLA-A*11:01,0
AINVEKIEL,HLA-A*02:01,1
AIRGSVTPAV,HLA-A*02:01,0
AITEVECFL,HLA-A*02:01,1
AIVFVFILT,HLA-A*02:01,0
AIVTCGAETL,HLA-A*02:01,0
AIYDHINEGV,HLA-A*02:01,1
AIYDTMQYV,HLA-A*02:01,1
AKKLHFSTA,HLA-A*02:01,1
ALAAAGLVGV,HLA-A*02:01,0
ALAADPQSL,HLA-A*02:01,1
ALADLPVTV,HLA-A*02:01,1
ALAEGDLLA,HLA-A*02:01,1
ALAESIRPL,HLA-A*02:01,0
ALAGIGILTV,HLA-A*02:01,1
ALAHGVRAL,HLA-A*02:01,1
ALAIGLWGL,HLA-A*02:01,0
ALAIIIAVL,HLA-A*02:01,1
ALAMEVYQA,HLA-A*02:01,1
ALAPAPAEV,HLA-A*02:01,1
ALAPSTMKI,HLA-A*02:01,0
ALASYSNNEY,HLA-A*01:01,0
ALATFTVNI,HLA-A*02:01,0
ALAVLSVTL,HLA-A*02:01,1
ALAYGIDKV,HLA-A*02:01,1
ALCENTCLL,HLA-A*02:01,0
ALDAQAVEL,HLA-A*02:01,1
ALDGVNLII,HLA-A*02:01,0
ALDLSHFLK,HLA-A*11:01,1
ALDQTDIRV,HLA-A*02:01,1
ALEPGPVTA,HLA-A*02:01,1
ALFFFDIDL,HLA-A*02:01,1
ALFFFDIDL,HLA-A*32:01,1
ALFFFDIDLL,HLA-A*02:01,1
ALFGIKLPA,HLA-A*02:01,0
ALFGIKLPAL,HLA-A*02:01,0
ALGDILSSI,HLA-A*02:01,0
ALGDLFQSI,HLA-A*02:01,1
ALGIGILTV,HLA-A*02:01,1
ALHIYMNGT,HLA-A*02:01,0
ALIAPVHAV,HLA-A*02:01,0
ALIDVFHQY,HLA-A*02:01,1
ALIHHNTHL,HLA-A*02:01,1
ALIHHNTYL,HLA-A*02:01,1
ALIKKYPKL,HLA-A*02:01,0
ALISAFSGS,HLA-A*02:01,1
ALKMTMASV,HLA-A*02:01,0
ALKNNGKVV,HLA-A*02:01,0
ALKRAQSEL,HLA-A*02:01,0
ALLAGLVSL,HLA-A*02:01,0
ALLALTRAI,HLA-A*02:01,1
ALLATSIFK,HLA-A*11:01,1
ALLEDPVGT,HLA-A*02:01,1
ALLETLSLLL,HLA-A*02:01,1
ALLGGLRPV,HLA-A*02:01,1
ALLGLTLGV,HLA-A*02:01,1
ALLMPAGVPL,HLA-A*02:01,1
ALLMYNLLTI,HLA-A*02:01,0
ALLNIKVKL,HLA-A*02:01,1
ALMAITKNV,HLA-A*02:01,0
ALMDKSLHV,HLA-A*02:01,0
ALMLRLLRI,HLA-A*02:01,1
ALMPLYACI,HLA-A*02:01,0
ALNTITNLK,HLA-A*03:01,1
ALNTITNLK,HLA-A*11:01,0
ALNTLVKQL,HLA-A*02:01,1
ALNTPKDHI,HLA-A*02:01,1
ALPSKYVNFL,HLA-A*02:01,0
ALQAIELQL,HLA-A*02:01,1
ALQTGITLV,HLA-A*02:01,0
ALRGMGLNA,HLA-A*02:01,1
ALRNLRVFL,HLA-A*02:01,1
ALRTDYNASV,HLA-A*02:01,0
ALSALLTKL,HLA-A*02:01,1
ALSDHHIYL,HLA-A*02:01,1
ALSEDLLSI,HLA-A*02:01,1
ALSGLAVRL,HLA-A*02:01,1
ALSLAAVLV,HLA-A*02:01,1
ALSPVIPHI,HLA-A*02:01,1
ALSYTPAEV,HLA-A*02:01,1
ALTAVAEEV,HLA-A*02:01,1
ALTPVVVTL,HLA-A*02:01,1
ALVALVITI,HLA-A*02:01,0
ALVGAIPSI,HLA-A*02:01,1
ALVVSQLLR,HLA-A*03:01,0
ALVVTHTYL,HLA-A*02:01,0
ALWDSNFFT,HLA-A*02:01,0
ALWGPDPAAV,HLA-A*02:01,1
ALWIPDLFM,HLA-A*02:01,0
ALWMRLLPL,HLA-A*02:01,1
ALYDVVSTL,HLA-A*02:01,0
ALYDVVTKL,HLA-A*02:01,1
ALYEKKLAL,HLA-A*02:01,1
ALYGFVPVL,HLA-A*02:01,1
ALYGSVPVL,HLA-A*02:01,1
ALYVDSLFFL,HLA-A*02:01,1
AMAAQLQAV,HLA-A*02:01,1
AMAGASTSA,HLA-A*02:01,1
AMAGSIDLL,HLA-A*02:01,1
AMAGSPVFL,HLA-A*02:01,1
AMASASLVT,HLA-A*02:01,1
AMCRTPFSL,HLA-A*02:01,0
AMDSNTLEL,HLA-A*02:01,1
AMDTISVFL,HLA-A*02:01,1
AMDTISVFL,HLA-A*03:01,1
AMFTAALNI,HLA-A*02:01,0
AMFTTMYNI,HLA-A*02:01,0
AMGDAGGYK,HLA-A*03:01,1
AMGDAGGYK,HLA-A*11:01,1
AMIELCGAFL,HLA-A*02:01,0
AMKVDANYF,HLA-A*24:02,0
AMLDHAGDM,HLA-A*02:01,1
AMLDLLKSV,HLA-A*02:01,1
AMLERQFTV,HLA-A*02:01,1
AMLGTHTMEV,HLA-A*02:01,1
AMLHWSLIL,HLA-A*02:01,1
AMLTAFFLR,HLA-A*68:01,1
AMPPELNTA,HLA-A*02:01,1
AMSNLVPPV,HLA-A*02:01,1
AMTAFFGEL,HLA-A*02:01,0
AMVGAVLTA,HLA-A*02:01,1
AMYMALIAA,HLA-A*02:01,0
AMYVAIQAV,HLA-A*02:01,0
ANFSFRNTL,HLA-A*02:01,0
APAGVREVM,HLA-B*07:02,1
APAHAITLT,HLA-B*07:02,0
APASVYQPA,HLA-B*07:02,1
APAWSMTRNL,HLA-B*07:02,1
APDGAKVASL,HLA-B*07:02,1
APFESEGVL,HLA-B*07:02,1
APHRVSGVI,HLA-B*07:02,0
APILLPSSTV,HLA-B*07:02,0
APIMDEEREI,HLA-B*53:01,1
APIWPYEILY,HLA-B*35:01,1
APLFSSKKF,HLA-B*07:02,0
APPPQRAAM,HLA-A*02:01,1
APQPAPENAY,HLA-B*35:08,1
APRIGGRRA,HLA-B*07:02,1
APRTWCRLL,HLA-B*07:02,1
APSYSAEMRL,HLA-B*07:02,0
APTRVVAAEM,HLA-B*07:02,1
APTRVVASEM,HLA-B*07:02,1
APTRVVLSEM,HLA-B*35:01,0
APVIKARMM,HLA-B*07:02,0
APYIALLTIA,HLA-B*07:02,0
APYIVVNPM,HLA-B*07:02,0
AQFNASPVA,HLA-A*02:01,1
AQLQAVPGA,HLA-A*02:01,1
AQRILPNCIR,HLA-A*11:01,1
AQSYLRNFL,HLA-A*02:01,1
AQVTTTEWV,HLA-A*02:01,0
AQVVLQAAI,HLA-A*02:01,0
ASCMGLIYNR,HLA-A*11:01,1
ASCMGLIYNR,HLA-A*68:01,1
ASDSLNNEY,HLA-A*01:01,1
ASFFSSWQI,HLA-A*02:01,0
ASPISSIFSR,HLA-A*11:01,0
ASPLHVAWK,HLA-A*11:01,0
ASPPSTAAA,HLA-A*02:01,1
ASPVAQSYL,HLA-B*35:14,1
ASSASSCLY,HLA-A*11:01,0
ATAAVCLLFI,HLA-A*02:01,0
ATDALMTGF,HLA-A*02:01,1
ATDALMTGF,HLA-A*68:02,1
ATDALMTGY,HLA-A*01:01,1
ATDALMTGYT,HLA-A*01:01,1
ATDSLNNEY,HLA-A*01:01,1
ATDVPSATK,HLA-A*11:01,1
ATENIAVRY,HLA-A*01:01,0
ATFAAPVAL,HLA-A*02:01,1
ATFAEIGHK,HLA-A*11:01,1
ATGMTPAEV,HLA-A*02:01,0
ATGMVPAVKK,HLA-A*03:01,1
ATLNICNFW,HLA-B*58:01,0
ATSLDVINY,HLA-A*11:01,1
ATTFLQTMLR,HLA-A*11:01,0
ATVKTGNIKL,HLA-B*07:02,1
ATVLMGLGK,HLA-A*11:01,0
ATWAENIQV,HLA-A*02:01,1
AVADTLIGV,HLA-A*02:01,0
AVAGAAILV,HLA-A*02:01,1
AVCPWTWLR,HLA-A*11:01,1
AVCTRGVAK,HLA-A*03:01,0
AVDTVLAKK,HLA-A*11:01,1
AVFDRKSDAK,HLA-A*11:01,1
AVFDVEQKL,HLA-A*68:02,0
AVFKDSFLRK,HLA-A*11:01,1
AVFMYVFYL,HLA-A*02:01,0
AVGSYVYSV,HLA-A*02:01,1
AVIGALLAV,HLA-A*02:01,0
AVKCLYLLY,HLA-A*29:02,1
AVKSEHTGR,HLA-A*11:01,1
AVMEKNIVL,HLA-A*02:01,1
AVMRWGMPP,HLA-A*02:01,1
AVPADHGAHL,HLA-A*02:01,0
AVPEVTDVTL,HLA-A*02:01,1
AVTALTIAY,HLA-A*29:02,0
AVTALTIAY,HLA-B*35:01,0
AVVSLLRLLK,HLA-A*11:01,1
AVVSTQLIM,HLA-A*02:01,0
AVVVNPSVK,HLA-A*11:01,1
AVWTIIFIV,HLA-A*02:01,0
AVYGNIKHK,HLA-A*03:01,1
AVYGNIKHK,HLA-A*11:01,1
AVYLLDGLR,HLA-A*03:01,1
AYAQKIFKI,HLA-A*24:02,1
AYAQKIFKIL,HLA-A*24:02,1
AYFKDCVFK,HLA-A*11:01,0
AYFVLMHPDF,HLA-A*24:02,0
AYQGVQQKW,HLA-A*24:02,1
AYQKRMGVQM,HLA-A*11:01,1
AYQKRMGVQM,HLA-A*24:02,1
AYRRRWRRL,HLA-A*24:02,1
AYSKLIQIL,HLA-A*24:02,0
AYSLLFPAPF,HLA-A*24:02,1
AYSQQTRGL,HLA-A*24:02,1
AYVSVLYRW,HLA-A*24:02,1
AYYPPMMCYF,HLA-A*24:02,0
CAAIHTIIH,HLA-B*08:01,0
CEVDKTKDF,HLA-B*44:02,0
CEWPLTHTI,HLA-B*18:01,0
CGYPALMPLY,HLA-A*24:02,1
CILGTYTQD,HLA-A*02:01,1
CINGVCWSI,HLA-A*02:01,1
CINGVCWTA,HLA-A*02:01,1
CINGVCWTV,HLA-A*02:01,1
CINGVFWTV,HLA-A*02:01,1
CINGVVWTV,HLA-A*02:01,1
CLALIAWRV,HLA-A*02:01,1
CLDQIPIFTV,HLA-A*02:01,1
CLFKDWEEL,HLA-A*02:01,1
CLGALLTMV,HLA-A*02:01,1
CLGGLITMV,HLA-A*02:01,1
CLGGLLAMV,HLA-A*02:01,1
CLGGLLTMN,HLA-A*02:01,1
CLGHNHKEV,HLA-A*02:01,1
CLLESVYTA,HLA-A*02:01,1
CLLGTYTQDV,HLA-A*02:01,1
CLLPKMDSV,HLA-A*02:01,1
CLLSGTYIFA,HLA-A*02:01,1
CLLTTSGVSA,HLA-A*02:01,0
CLLWSFQTSA,HLA-A*02:01,1
CLNEYHLFL,HLA-A*02:01,1
CLNGVCWTV,HLA-A*02:01,1
CLNVSLADT,HLA-A*02:01,0
CLPACVYGL,HLA-A*02:02,1
CLPACVYGL,HLA-A*68:02,1
CLTEYILWV,HLA-A*02:01,1
CLVPAATASL,HLA-A*02:01,0
CMTWNQMNL,HLA-A*24:02,1
CMVICLLSFI,HLA-A*02:01,0
CMWGRLWQL,HLA-A*02:01,1
CPASKKESV,HLA-B*07:02,0
CPRRYLHRL,HLA-B*07:02,0
CQNGACWTS,HLA-A*02:01,1
CQWGRLWQL,HLA-A*02:01,1
CSMENTRATK,HLA-A*11:01,0
CSQSSGILSR,HLA-A*11:01,0
CTELKLNDY,HLA-A*01:01,1
CTELKLSDY,HLA-A*01:01,1
CVAVTVAILY,HLA-A*01:01,0
CVNGSCFTV,HLA-A*02:01,1
CVNGVCWTV,HLA-A*02:01,1
CYCIDCFTQW,HLA-A*24:02,1
CYKGIKYEI,HLA-A*24:02,0
CYNILRYHL,HLA-A*24:02,0
CYSIEPLDL,HLA-A*24:02,1
CYSLYGTTL,HLA-A*24:02,1
CYSQVNPITL,HLA-A*24:02,1
CYSQVNPTTL,HLA-A*24:02,1
DCKTILKAL,HLA-B*08:01,1
DEELVTTERK,HLA-B*07:02,1
DELRRKMMY,HLA-B*44:02,1
DETGVEVKD,HLA-A*02:01,0
DFFPSIRDL,HLA-A*24:02,1
DFKTWLQSKL,HLA-A*24:02,1
DIDEILEKV,HLA-A*02:01,1
DIIEQMKGV,HLA-A*02:01,1
DILEDIVLTL,HLA-A*02:01,0
DINIYDLFV,HLA-A*02:01,0
DIYRIFAEL,HLA-A*02:01,1
DKKQRFHNI,HLA-B*08:01,0
DLCGSVFLV,HLA-A*02:01,0
DLDEPEQFRL,HLA-A*02:01,1
DLGLSQWAR,HLA-A*31:01,1
DLGLSQWAR,HLA-A*33:01,1
DLHPEPTDL,HLA-A*02:01,1
DLIAQPIRLL,HLA-A*02:01,1
DLILELLDL,HLA-A*02:01,1
DLLLGTLNI,HLA-A*02:01,1
DLMGYIPLV,HLA-A*02:01,1
DLMRRGDLPV,HLA-A*02:01,1
DLPLIIQRL,HLA-A*02:01,1
DLSLRRFMV,HLA-A*02:01,1
DLTSFLLSL,HLA-A*02:01,1
DLTTKNVSI,HLA-A*02:01,0
DLVLKRCLL,HLA-A*02:01,0
DMANPMSPV,HLA-A*02:01,0
DMCDIYLLY,HLA-A*01:01,1
DMWEHAFYL,HLA-A*02:01,1
DMWEHAFYLQ,HLA-A*02:01,1
DNLMWYELS,HLA-A*02:01,1
DPKKTGGPI,HLA-B*07:02,0
DPLNPTSQL,HLA-B*07:02,0
DPLVFPSDEF,HLA-A*02:02,0
DPRRRSRNL,HLA-B*07:02,1
DQVPFSVSV,HLA-A*02:01,0
DQYPYLKSV,HLA-C*12:02,1
DQYVKVYLE,HLA-A*02:01,1
DRFYKTLRA,HLA-B*14:02,1
DTGIRYCSY,HLA-A*01:01,0
DTPLIPLTIF,HLA-A*02:01,1
DTTSFVKIY,HLA-A*01:01,0
DVEVFNREY,HLA-A*01:01,0
DVKFHTQAF,HLA-A*25:01,1
DVSRPTAVV,HLA-A*02:01,1
DYLQCVLQI,HLA-A*24:02,1
DYMTSMKRF,HLA-A*24:02,1
DYNFVKQLF,HLA-A*24:02,1
DYPYRLWHY,HLA-C*07:01,0
DYVSNKGVDT,HLA-A*02:02,0
EAAGRRLAR,HLA-A*66:01,0
EAKQPATLR,HLA-A*68:01,1
EAMDTISVF,HLA-A*25:01,1
EAMDTISVF,HLA-A*26:01,0
EEGQHLLYL,HLA-B*44:02,0
EENLLDFVRF,HLA-B*44:02,1
EESLEIVSSL,HLA-B*44:02,0
EEYLKAWTF,HLA-B*44:02,1
EEYLQAFTY,HLA-B*44:02,1
EFFLMVLLI,HLA-A*24:02,1
EFFWDANDIY,HLA-B*44:02,1
EFNTPFVFII,HLA-A*24:02,0
EGDAFELTV,HLA-A*02:01,0
EGKSLYVKGE,HLA-A*02:02,0
EIRLKVFVL,HLA-A*02:01,0
EISGSSARY,HLA-A*26:01,0
EIWRDIDFA,HLA-A*02:01,0
EKDKFFAYL,HLA-A*02:01,0
EKEENMVKSL,HLA-B*08:01,1
ELAAHQKKI,HLA-A*02:01,0
ELAAHQKKIL,HLA-A*02:01,0
ELAAIGILTV,HLA-A*02:01,1
ELAEYLYNI,HLA-A*02:01,1
ELAGIAILTV,HLA-A*02:01,1
ELAGIGALTV,HLA-A*02:01,1
ELAGIGILAV,HLA-A*02:01,1
ELAGIGILT,HLA-A*02:01,1
ELAGIGILTV,HLA-A*02:01,1
ELAGWGILTV,HLA-A*02:01,1
ELIEANLLW,HLA-A*02:01,1
ELKGMSYAM,HLA-B*08:01,1
ELKRKMMYM,HLA-B*08:01,1
ELLRPTTLV,HLA-A*02:01,1
ELMESRMRI,HLA-A*02:01,0
ELMRRGDLPV,HLA-A*02:01,1
ELNRKMIYM,HLA-B*08:01,1
ELPQWLSANR,HLA-B*41:02,1
ELRRKMMYM,HLA-B*08:02,1
ELSDSLGPV,HLA-A*02:01,0
ELTEARVQV,HLA-A*02:01,0
ELTEVFEFA,HLA-A*02:01,1
ELTLGEFLKL,HLA-A*02:01,0
ELVCSMENT,HLA-A*02:01,1
ELVKHGLRAL,HLA-A*02:01,0
EMDKDDESL,HLA-A*02:01,0
EMKEGRYEV,HLA-A*02:01,0
EMMAKEEELV,HLA-A*02:01,0
EMNCGTTKY,HLA-A*01:01,0
EPAPFDETL,HLA-B*53:01,0
EPDYEVDEDI,HLA-B*53:01,1
EPSDKHIEQY,HLA-B*35:01,0
EPSDKHIKEY,HLA-A*01:01,1
EPYLDPATM,HLA-B*35:01,0
ESDPIVAQY,HLA-A*01:01,1
ESLFRAVITK,HLA-A*11:01,1
ETACLGKSY,HLA-A*01:01,1
ETACLSKAY,HLA-A*25:01,0
ETACLSKAY,HLA-A*26:01,0
ETRKKINIY,HLA-A*01:01,0
ETSSKKPDY,HLA-A*01:01,0
ETVAIDRPA,HLA-A*68:02,1
EVDPIGHLY,HLA-A*01:01,1
EVFCVQPEK,HLA-A*03:01,0
EVIGLYGNGI,HLA-A*25:01,0
EVIGLYGNGI,HLA-A*68:02,1
EVIVPLSGW,HLA-A*25:01,1
EVKEKHEFL,HLA-A*02:01,1
EVNPPFGDSY,HLA-A*26:01,1
EYETMVDYL,HLA-A*24:02,0
EYFSLVSNI,HLA-A*24:02,0
EYLLGRFSVL,HLA-A*24:02,1
EYLVSFGVW,HLA-A*24:02,1
EYQRLYATF,HLA-A*24:02,1
EYRHYCYSL,HLA-A*24:02,1
EYVHARWAAF,HLA-A*24:02,1
EYVLLLFLL,HLA-A*24:02,1
EYVRYTHGI,HLA-A*24:02,0
EYYSKNLNSF,HLA-A*24:02,1
FAAELTIGV,HLA-A*02:01,0
FAFRDLCIV,HLA-A*02:01,1
FAHEAPAFL,HLA-A*02:01,0
FAIEALAKA,HLA-A*02:01,0
FAIIAIVFV,HLA-A*02:01,0
FANCNFTLV,HLA-A*02:01,1
FANHDFTLV,HLA-A*02:01,1
FANHKFTLV,HLA-A*02:01,1
FANNEFTLV,HLA-A*02:01,1
FANNKFTLV,HLA-A*02:01,1
FANSKFTLVA,HLA-A*02:01,0
FANYKFTLV,HLA-A*02:01,1
FANYNFTLL,HLA-A*02:01,0
FAPALPIWAR,HLA-A*11:01,1
FASPADPKV,HLA-A*02:01,1
FATGIGIITV,HLA-A*02:01,1
FAWYLKGKW,HLA-B*57:01,1
FAYICPANV,HLA-A*02:01,0
FEDLRLLSF,HLA-B*37:01,1
FFEKRVGEY,HLA-A*24:02,0
FFGVYNDSY,HLA-A*24:02,0
FFNKMRDTL,HLA-A*24:02,0
FFQFCPLIF,HLA-A*24:02,1
FGSSMLGKY,HLA-A*01:01,0
FIDILLFVI,HLA-A*02:01,0
FIDKFTPPV,HLA-A*02:01,1
FIDQYYSSI,HLA-A*02:01,1
FIFHFVHSA,HLA-A*02:01,0
FIFTGITLFL,HLA-A*02:01,0
FIHGGILYA,HLA-A*02:01,0
FIHLQLYSL,HLA-A*02:01,0
FIIDNFGSV,HLA-A*02:01,0
FILALCIIFV,HLA-A*02:01,0
FILDAVQRV,HLA-A*02:01,1
FILEGILTV,HLA-A*02:01,1
FILFFAYVM,HLA-A*02:01,0
FILGIIITV,HLA-A*02:01,0
FILHRLHEI,HLA-A*02:01,0
FILIFNIIV,HLA-A*02:01,0
FILPVLGAV,HLA-A*02:01,1
FILTAILFFM,HLA-A*02:01,0
FIMGISILL,HLA-A*02:01,1
FINFFNLLA,HLA-A*02:01,0
FISIFFFLEI,HLA-A*02:01,1
FISNTVFRK,HLA-A*11:01,1
FITGISILL,HLA-A*02:01,1
FITIFNISI,HLA-A*02:01,0
FIVLILLLL,HLA-A*02:01,0
FIVLILLLLI,HLA-A*02:01,0
FIVVATAAV,HLA-A*02:01,0
FIWFIFHFV,HLA-A*02:01,0
FIYFIKGFL,HLA-A*02:01,0
FIYLLFASM,HLA-A*02:01,0
FLAARLWRA,HLA-A*02:01,0
FLADAVVRL,HLA-A*02:01,1
FLADLLHSV,HLA-A*02:01,1
FLAEHPNVTL,HLA-A*02:01,0
FLARLHAAA,HLA-A*02:01,0
FLASPSVPL,HLA-A*02:01,1
FLAVGGVLL,HLA-A*02:01,0
FLCLLIPGL,HLA-A*02:01,1
FLCLLMKLSI,HLA-A*02:01,0
FLDEFMEAV,HLA-A*02:01,1
FLDKGTYTL,HLA-A*02:01,1
FLDKSIHLT,HLA-A*02:01,0
FLDRFLSCM,HLA-A*02:01,0
FLDWMDTFGL,HLA-A*02:01,0
FLEAKGYKEV,HLA-A*02:01,0
FLEEIKEQEV,HLA-A*02:01,0
FLEEMLRTRV,HLA-A*02:01,1
FLEIYTVTV,HLA-A*02:01,1
FLEQQNKILL,HLA-A*02:01,0
FLFAVGFYL,HLA-A*02:01,1
FLFELIPEP,HLA-A*02:01,1
FLFLRNFSL,HLA-A*02:01,1
FLFMYLVMV,HLA-A*02:01,1
FLFTFFASI,HLA-A*02:01,1
FLFVEALFQE,HLA-A*02:01,1
FLFVIGALA,HLA-A*02:01,0
FLFYPSMFT,HLA-A*02:01,0
FLFYPSMFTL,HLA-A*02:01,0
FLGEAWAQV,HLA-A*02:01,1
FLGEGHHRV,HLA-A*02:01,1
FLGERVTLT,HLA-A*02:01,1
FLGGGGAGI,HLA-A*02:01,0
FLGGHVAVA,HLA-A*02:01,1
FLGIYTVTV,HLA-A*02:01,1
FLGMESCGI,HLA-A*02:01,1
FLGPLLVLQA,HLA-B*35:03,1
FLGRYIVKL,HLA-A*02:01,0
FLHYCNSYA,HLA-A*02:01,0
FLIASVTWL,HLA-A*02:01,1
FLIAYQPLL,HLA-A*02:01,1
FLIDLAFLI,HLA-A*02:01,0
FLIEGVLTI,HLA-A*02:01,1
FLIFFDLFLV,HLA-A*02:01,1
FLIHSADWL,HLA-A*02:01,0
FLILCYFILI,HLA-A*02:01,0
FLIPKGFYA,HLA-A*02:01,0
FLIQSNSLL,HLA-A*02:01,0
FLISLVMKL,HLA-A*02:01,0
FLISVIVLV,HLA-A*02:01,0
FLIVLSVAL,HLA-A*02:01,1
FLIVSLCPT,HLA-A*02:01,0
FLIYLDVSV,HLA-A*02:01,1
FLKQQYMNL,HLA-A*02:01,1
FLLALLSCL,HLA-A*02:01,1
FLLCFCVLL,HLA-A*02:01,1
FLLENAAYL,HLA-A*02:01,1
FLLENAAYLD,HLA-A*02:01,1
FLLERILIV,HLA-A*02:01,1
FLLFLEITYT,HLA-A*02:01,0
FLLGLLVHV,HLA-A*02:01,1
FLLGLLVHV,HLA-A*02:02,1
FLLGLLVHV,HLA-A*68:02,1
FLLIRYITT,HLA-A*02:01,0
FLLLADARV,HLA-A*02:01,0
FLLLTSIPI,HLA-A*02:01,0
FLLMWSCFG,HLA-A*02:01,1
FLLMWSCFGT,HLA-A*02:01,1
FLLPLTSLV,HLA-A*02:01,0
FLLPLTSLVI,HLA-A*02:01,0
FLLRSIIVA,HLA-A*02:01,0
FLLRWEQEI,HLA-A*02:01,0
FLLSLFSLWL,HLA-A*02:01,1
FLLSLGIHI,HLA-A*02:01,1
FLLSLGIHL,HLA-A*02:01,0
FLLTKILTI,HLA-A*02:01,1
FLLVIGACV,HLA-A*02:01,0
FLMASISSS,HLA-A*02:01,1
FLMSSWWPNL,HLA-A*02:01,1
FLMVLLIPEP,HLA-A*02:01,1
FLNAFGMYSL,HLA-A*02:01,0
FLNDLLSVM,HLA-A*02:01,1
FLNFHTVGV,HLA-A*02:01,0
FLNISWFYI,HLA-A*02:01,1
FLNKRIFSEV,HLA-A*02:01,0
FLNQWVTAV,HLA-A*02:01,1
FLNSLAIHEK,HLA-A*11:01,1
FLNVFFPLL,HLA-A*02:01,1
FLNWQNLLNV,HLA-A*02:01,0
FLPADFFPSI,HLA-A*02:01,1
FLPDLNANA,HLA-A*02:01,1
FLPDLNVNA,HLA-A*02:01,1
FLPNDFFPSA,HLA-A*02:01,1
FLPNDFFPSV,HLA-A*02:01,1
FLPPDFFPSV,HLA-A*02:01,1
FLPSDFFPS,HLA-A*02:01,1
FLPSDFFPSI,HLA-A*02:01,1
FLPSDFFPSV,HLA-A*02:16,1
FLPSDTNMGL,HLA-A*02:01,1
FLPSPLFFFL,HLA-A*02:01,1
FLPVDFFPSI,HLA-A*02:01,1
FLPVDFFPSV,HLA-A*02:01,1
FLPVYFGSV,HLA-A*02:01,0
FLQDVMNIL,HLA-A*02:01,1
FLQLLLVTL,HLA-A*02:01,1
FLRGRAFGL,HLA-B*08:01,1
FLRGRAYGL,HLA-A*80:01,1
FLRYLLFGI,HLA-A*02:01,0
FLSDHLYLV,HLA-A*02:01,1
FLSELQYYL,HLA-A*02:01,1
FLSFASLFL,HLA-A*02:01,1
FLSHDFTLV,HLA-A*02:01,1
FLSLSLLVI,HLA-A*02:01,1
FLSNGHVTI,HLA-A*02:01,0
FLSNVGHYV,HLA-A*02:01,0
FLSPNQVTNV,HLA-A*02:01,0
FLSRLVLYA,HLA-A*02:01,0
FLSRVFFCV,HLA-A*02:01,0
FLSSANEHL,HLA-A*02:01,1
FLTATLGPA,HLA-A*02:01,0
FLTDYIPGA,HLA-A*02:02,1
FLTEAIVHSV,HLA-A*02:01,1
FLTEWILPL,HLA-A*02:01,1
FLTGTFVTA,HLA-A*02:01,0
FLTSELPQW,HLA-A*24:02,1
FLTVFSHFM,HLA-A*02:01,1
FLTVFSPFM,HLA-A*02:01,1
FLTYLDVSV,HLA-A*02:01,1
FLVDGLSSI,HLA-A*02:01,0
FLVPFVVFL,HLA-A*02:01,1
FLVPFVVFL,HLA-A*02:06,1
FLVPFVVFL,HLA-A*68:02,1
FLWGPRALV,HLA-A*02:01,0
FLWSVFMLI,HLA-A*02:01,1
FLYALALLL,HLA-A*02:01,1
FLYGALLLA,HLA-A*02:01,1
FLYIIDWMV,HLA-A*02:01,0
FLYNFWTNV,HLA-A*02:01,0
FLYNLLTRV,HLA-A*02:01,1
FLYNPLTRV,HLA-A*02:01,1
FLYNVYPGA,HLA-A*02:01,0
FLYPFLSHL,HLA-A*02:01,1
FLYSFFLCI,HLA-A*02:01,0
FMAFVAMVT,HLA-A*02:01,0
FMDGKQACVL,HLA-A*02:01,0
FMDMAILVES,HLA-A*02:01,1
FMFIGSPMYL,HLA-A*02:01,0
FMGAGSKAV,HLA-A*02:01,0
FMGDIHQPL,HLA-A*02:01,1
FMGVLVNSL,HLA-A*02:01,1
FMHNRLQYSL,HLA-A*02:01,1
FMIAFISCFA,HLA-A*02:01,1
FMIAFISCFA,HLA-A*68:02,1
FMIEGLMTSL,HLA-A*02:01,0
FMIGYASAL,HLA-A*02:01,1
FMIVSISLV,HLA-A*02:02,1
FMIVSISLV,HLA-A*68:02,1
FMKAVCVEV,HLA-A*02:01,0
FMLLTQARI,HLA-A*02:01,1
FMLLTQARL,HLA-A*02:01,1
FMLMETMFFI,HLA-A*02:01,0
FMLPIMYGPI,HLA-A*02:01,0
FMLYLLTLM,HLA-A*02:01,1
FMLYLVTLM,HLA-A*02:01,1
FMNKFIYEI,HLA-A*02:01,1
FMNLYSFTI,HLA-A*02:01,0
FMPKVNFEV,HLA-A*02:01,1
FMREYWFHV,HLA-A*02:01,0
FMSAYSGVL,HLA-A*02:01,1
FMVFLQTHI,HLA-A*02:01,1
FMYEGDTPL,HLA-A*02:01,1
FMYMSLLGV,HLA-A*02:01,0
FMYSDFHFI,HLA-A*02:01,1
FMYSDFHFI,HLA-A*02:02,1
FMYSDFHFI,HLA-A*68:02,1
FMYTKHSML,HLA-A*24:02,0
FNMLSTVLGV,HLA-A*02:01,1
FPALRFVEV,HLA-B*07:02,1
FPFFVAFLAI,HLA-B*07:02,0
FPHCLAFSYM,HLA-B*51:01,0
FPITIENAL,HLA-B*07:02,0
FPKNDFVSF,HLA-B*07:02,1
FPRYHSIEL,HLA-B*07:02,0
FPVKPQVPL,HLA-B*07:02,1
FPVTPQVPL,HLA-B*07:02,1
FPWDILFPA,HLA-B*07:02,1
FQANTPPAV,HLA-A*02:01,1
FQDYIKSYL,HLA-A*02:01,0
FQGRGVFEL,HLA-A*02:01,1
FQGRGVFEL,HLA-A*02:06,1
FQIEEFGTGV,HLA-A*02:05,0
FQQLFLNTL,HLA-A*02:01,1
FQQTNAMVTL,HLA-A*02:10,1
FQSLTIFST,HLA-A*02:01,0
FQVDCFLWHV,HLA-A*02:01,1
FQYSDRRWCF,HLA-A*24:02,1
FRRLTSREVL,HLA-B*08:01,1
FSECNALGSY,HLA-A*01:01,1
FSFPLDFLV,HLA-A*02:01,1
FSVPLDKDF,HLA-C*12:02,0
FTDALGIDEY,HLA-A*01:01,1
FTDNKSCVSL,HLA-A*02:01,0
FTDWANKQY,HLA-A*01:01,1
FTFSDVINI,HLA-A*02:01,0
FTFTNVCSL,HLA-A*02:01,0
FTGITLFLL,HLA-A*02:01,0
FTHNEYKFYV,HLA-A*02:01,1
FTLENGLLT,HLA-A*02:01,1
FTLNHVLAL,HLA-A*02:01,0
FTLRHIIGL,HLA-A*02:01,0
FTLVAPVSI,HLA-A*02:01,1
FTMGVLCLAI,HLA-A*02:01,1
FTNAACMAL,HLA-A*68:02,0
FTNAAYMAL,HLA-A*68:02,0
FTNNKFTLS,HLA-A*02:01,0
FTSAVLLLV,HLA-A*02:01,1
FTSAVLLLVV,HLA-A*02:01,0
FTSSFYNYV,HLA-A*02:01,0
FTWEGLYNV,HLA-A*02:01,1
FTYTGGYDV,HLA-A*02:01,0
FVANFSMEL,HLA-A*02:01,1
FVARVFLGL,HLA-A*02:01,0
FVDTMSIYI,HLA-A*02:01,0
FVDVGVSAL,HLA-B*39:01,1
FVDVIIIKV,HLA-A*02:01,0
FVEALFQEY,HLA-A*01:01,1
FVFDRPLPV,HLA-A*02:01,0
FVFILTAIL,HLA-A*02:01,0
FVFLRNFSL,HLA-A*02:01,1
FVGALSFSI,HLA-A*02:01,1
FVGEFFTDV,HLA-A*02:01,1
FVGSYLVIV,HLA-A*02:01,1
FVIFACNFV,HLA-A*02:02,1
FVIFACNFV,HLA-A*68:02,1
FVIVIYIFT,HLA-A*02:01,0
FVIVIYIFTV,HLA-A*02:01,0
FVLVILARL,HLA-A*02:01,1
FVMLEMLNYV,HLA-A*02:01,0
FVNHDFTVV,HLA-A*02:01,1
FVNHRFTLV,HLA-A*02:01,1
FVNYDFTIV,HLA-A*02:01,1
FVNYNFTLV,HLA-A*02:01,1
FVSCCGELTV,HLA-A*02:01,1
FVVFILIYV,HLA-A*02:01,0
FVVPILLKA,HLA-A*02:01,1
FVYGGSKTSL,HLA-C*03:04,1
FVYVFITHL,HLA-A*02:01,1
FVYVFTTHL,HLA-A*02:01,1
FVYVNGKKI,HLA-A*02:01,0
FWAKHMWNF,HLA-A*24:02,1
FWLLGAWAL,HLA-A*02:01,1
FWLLPAWAL,HLA-A*02:01,1
FYGKTILWF,HLA-A*24:02,1
FYLFKMIPL,HLA-A*24:02,0
FYMIVIGVI,HLA-A*24:02,0
FYRYGFVANF,HLA-A*24:02,1
FYTPLADQF,HLA-A*24:02,1
GAASGPKVV,HLA-A*02:01,1
GADEDDIKA,HLA-A*02:01,0
GAGIGVAVL,HLA-A*02:01,1
GAGIGVLTA,HLA-A*02:01,1
GAVAMSLTV,HLA-A*02:01,0
GEDHPTSNSL,HLA-B*44:02,0
GELVRQFFY,HLA-B*44:02,0
GESSSNPTI,HLA-B*44:02,1
GESVPGIEE,HLA-A*02:01,0
GFADLMGYI,HLA-A*24:02,1
GGPNLDNIL,HLA-A*02:01,1
GIAGGLALL,HLA-A*02:01,0
GIAPLQLGK,HLA-A*11:01,1
GIDPNIRTGV,HLA-A*02:01,1
GIEGFVFTL,HLA-A*02:01,1
GIFCFRILL,HLA-A*02:01,0
GIFEDRAPV,HLA-A*02:01,1
GIGILTVIL,HLA-A*02:01,0
GILDFGVKL,HLA-A*02:01,1
GILEFVFTL,HLA-A*02:01,1
GILGFVFTL,HLA-A*02:01,1
GILGFVFTL,HLA-A*02:02,1
GILGFVFTLT,HLA-A*02:01,1
GILGFVTTL,HLA-A*02:01,1
GILGLVFTL,HLA-A*02:01,1
GILGVVFTL,HLA-A*02:01,1
GILLVLMAV,HLA-A*02:01,0
GILTVSVAV,HLA-A*02:01,1
GILVLFGFF,HLA-A*02:01,1
GINTIPIAL,HLA-A*02:01,1
GIRPYEILA,HLA-A*02:01,0
GISCQGIIAV,HLA-A*02:01,1
GITLFLLFL,HLA-A*02:01,0
GIVCPICSQK,HLA-A*11:01,1
GIVIDPNGVV,HLA-A*02:01,0
GIWGFVFTL,HLA-A*02:01,1
GLAAAVVAV,HLA-A*02:01,1
GLADTVVAC,HLA-A*02:01,1
GLADVFAEL,HLA-A*02:01,0
GLAEDLAAL,HLA-A*02:01,1
GLAGGAATA,HLA-A*02:01,1
GLALLACAGL,HLA-A*02:01,0
GLCPHCINVG,HLA-A*02:01,1
GLCQVFADA,HLA-A*02:01,1
GLCTLVAML,HLA-A*02:01,1
GLDCARLEI,HLA-A*02:01,1
GLDEIDSAV,HLA-A*02:01,0
GLEALVPLAV,HLA-A*02:01,1
GLFDFVNFV,HLA-A*02:01,0
GLFGAIAGFI,HLA-A*68:02,1
GLFGGLNWI,HLA-A*02:01,1
GLFGNLIAL,HLA-A*02:01,1
GLGKGTYGV,HLA-A*02:01,1
GLGNVNGVT,HLA-A*02:01,1
GLGQVPLIV,HLA-A*02:01,0
GLGTLGAAL,HLA-A*02:01,0
GLGWVGWLL,HLA-A*02:01,1
GLHCDFACL,HLA-A*02:01,0
GLIACLIFV,HLA-A*02:01,0
GLIACLIFVT,HLA-A*02:01,0
GLISLILQI,HLA-A*02:01,0
GLIVGIIFTA,HLA-A*02:01,0
GLIYTYSGL,HLA-A*02:01,0
GLKSKTHAV,HLA-A*02:01,0
GLKSKTHAVL,HLA-A*02:01,0
GLLDEDFYA,HLA-A*02:01,1
GLLDKAVSNV,HLA-A*02:01,1
GLLGCIITSL,HLA-A*02:01,1
GLLGFVFTL,HLA-A*02:01,1
GLLGNVSTV,HLA-A*02:01,1
GLLLLGLWGT,HLA-A*02:01,1
GLLNCNINNV,HLA-A*02:01,0
GLLPSLLLLL,HLA-A*02:01,1
GLLSLEEEL,HLA-A*02:01,1
GLLTVCYVL,HLA-A*02:01,1
GLMAIAWFI,HLA-A*02:01,1
GLMEGQIVSV,HLA-A*02:01,1
GLMNNAFEWI,HLA-A*02:01,1
GLMWLSYFV,HLA-A*02:01,1
GLNLVVSSSV,HLA-A*02:01,0
GLPVEYLQV,HLA-A*02:01,1
GLQANPVEV,HLA-A*02:01,1
GLQDCTMLV,HLA-A*02:01,1
GLRALRETL,HLA-A*02:01,0
GLREDLLSL,HLA-A*02:01,1
GLRYRSMLL,HLA-B*08:01,0
GLSAMSTTDL,HLA-A*02:01,1
GLSISGNLL,HLA-A*02:01,1
GLSPNLNRFL,HLA-A*02:01,1
GLSPTVWLSA,HLA-A*02:01,1
GLSPTVWLSV,HLA-A*02:01,1
GLSRYVARL,HLA-A*02:01,0
GLTADARLL,HLA-A*02:01,0
GLTFKGPGA,HLA-A*02:01,0
GLTSFFIAI,HLA-A*02:01,1
GLVGVLAGL,HLA-A*02:01,0
GLVILLVLAL,HLA-A*02:01,1
GLVRLNAFL,HLA-A*02:01,0
GLYDGMEHL,HLA-A*02:01,1
GLYNLLIRCL,HLA-A*02:01,0
GMAELMAGL,HLA-A*02:01,0
GMANTTFHV,HLA-A*02:01,0
GMDPRMCSL,HLA-A*02:01,0
GMFANRWII,HLA-A*02:01,1
GMGPLLAMV,HLA-A*02:01,1
GMGPLLATV,HLA-A*02:01,1
GMGQKDSYV,HLA-A*02:01,0
GMINNRHVY,HLA-A*01:01,0
GMMRWCMPV,HLA-A*02:01,1
GMNVANHFL,HLA-A*02:01,1
GMTPAEVSI,HLA-A*02:01,0
GMTPEKVPV,HLA-A*02:01,0
GMVDGSVLV,HLA-A*02:01,0
GMVTTSTTL,HLA-A*02:01,1
GPAESAAGL,HLA-B*07:02,0
GPCALRFTS,HLA-B*07:02,0
GPGHKARVL,HLA-B*07:02,1
GPHETITAL,HLA-B*07:02,1
GPIGTKIAL,HLA-B*07:02,0
GPIRFVLAL,HLA-B*07:02,1
GPISGHVLK,HLA-A*11:01,1
GPMKLVMAF,HLA-B*07:02,1
GPMKLVMAFI,HLA-B*07:02,1
GPRLGVRAT,HLA-B*07:02,1
GPRYVLNAI,HLA-B*07:02,0
GPSLIGLAM,HLA-B*07:02,1
GPWHLGKLEL,HLA-B*07:02,1
GQFLTPNSH,HLA-B*15:01,1
GQGGSPTAM,HLA-B*15:01,1
GQHLPTLSF,HLA-B*15:01,1
GQHPTNPNL,HLA-A*02:01,0
GQSLLFGYPV,HLA-B*52:01,1
GQVIWVNNT,HLA-A*02:01,0
GSSFQHGGRY,HLA-A*01:01,0
GTDGFPFKL,HLA-A*02:01,0
GTFEFTSFFY,HLA-A*11:01,1
GTHPTTTYK,HLA-A*11:01,1
GTHTMEVTV,HLA-A*02:01,0
GTHVLLPFY,HLA-A*01:01,1
GTLGFVFTL,HLA-A*02:01,1
GTLISRALV,HLA-A*02:01,0
GTLTSAINR,HLA-A*11:01,1
GTRTTPSIV,HLA-A*68:02,0
GTSGAPIVNR,HLA-A*11:01,1
GTSGSPIINK,HLA-A*11:01,1
GTSGSPIINR,HLA-A*11:01,1
GTYAVNIHV,HLA-A*02:01,0
GVAGALVAFK,HLA-A*03:01,1
GVAGALVAFK,HLA-A*11:01,1
GVDTVSVGNT,HLA-A*02:02,0
GVFHTMWHV,HLA-A*02:01,0
GVGAVAMSL,HLA-A*02:01,0
GVLDAVWRV,HLA-A*02:01,1
GVQEDAASLR,HLA-A*11:01,1
GVQGGFVSA,HLA-A*02:01,0
GVRVLEDGV,HLA-A*02:01,1
GVTSSGAIYK,HLA-A*11:01,1
GVWIRTPPA,HLA-A*02:01,1
GVWIRTPTA,HLA-A*02:01,1
GVYDGREHTV,HLA-A*02:01,0
GYAGTLQSL,HLA-A*24:02,1
GYDQIMPKK,HLA-A*24:02,1
GYDVSLSAY,HLA-A*01:01,0
GYEVIGASY,HLA-A*01:01,0
GYTSGTGQG,HLA-A*02:01,1
GYYIFLPVYF,HLA-A*24:02,0
HAMHISTGL,HLA-B*46:01,0
HAVPFGLVSM,HLA-B*35:01,1
HAVPFGLVSM,HLA-B*35:03,1
HEMYWVSGV,HLA-B*44:02,1
HESHLVRSW,HLA-B*44:02,1
HFFSKVPNI,HLA-A*24:02,0
HFSKCGFPF,HLA-A*24:02,1
HIFYQLANV,HLA-A*02:01,0
HISALKRRY,HLA-A*01:01,1
HISCLTFGR,HLA-A*11:01,0
HISCLTFGR,HLA-A*33:03,1
HIVEISTPV,HLA-A*02:01,1
HIYFVSLLL,HLA-A*02:01,0
HLAAQGMAY,HLA-B*46:01,1
HLAVIGALL,HLA-A*02:01,0
HLCGSHLVEA,HLA-A*02:01,1
HLDDVGFLV,HLA-A*02:01,1
HLIMFEQYFI,HLA-A*02:01,0
HLIMIYFFI,HLA-A*02:01,0
HLLNLLLWPL,HLA-A*02:01,0
HLLTSPKPSL,HLA-A*02:01,1
HLMDGDLGL,HLA-A*02:01,1
HLMFYTLPI,HLA-A*02:01,0
HLPVADAVI,HLA-A*02:01,1
HLSTAFARV,HLA-A*02:01,1
HMSEFMECNL,HLA-A*02:01,0
HMWNFISGI,HLA-A*02:01,1
HMYFTFFDV,HLA-A*02:01,0
HNIRGRWTGR,HLA-A*68:01,1
HNNGICWGN,HLA-A*02:01,0
HPAIKKLVY,HLA-B*07:02,0
HPALVFDIT,HLA-B*07:02,1
HPFALLLVL,HLA-B*35:01,1
HPFALLLVL,HLA-B*35:02,1
HPNNTIFSV,HLA-B*07:02,0
HPRHYATVM,HLA-B*07:02,1
HPRISSEVHI,HLA-B*07:02,1
HPRYFNQLST,HLA-B*07:02,1
HPSDGKCNL,HLA-B*53:01,0
HPSDGKCNLY,HLA-B*35:01,0
HPSGYIREA,HLA-B*07:02,0
HPTYLPKVL,HLA-B*07:02,0
HQLGGVVEV,HLA-A*02:01,1
HQMSSCFLL,HLA-A*02:01,0
HSEDVELCY,HLA-A*01:01,0
HSWEDIPYL,HLA-A*02:01,1
HSWITRSEA,HLA-A*02:05,1
HTTKGAALM,HLA-A*26:01,1
HVIDYLIRI,HLA-A*02:01,0
HYNIVTFCCK,HLA-A*03:01,1
HYNNFYFYSF,HLA-A*24:02,0
IAGGVMAVV,HLA-A*02:01,1
IAGIGILAI,HLA-A*02:01,1
IAGPGTITL,HLA-A*02:01,1
IANYNFTLV,HLA-A*02:01,1
IAPNAPQPV,HLA-A*02:01,0
ICWGNQLFV,HLA-A*02:01,1
IEACKRKLY,HLA-A*01:01,0
IEAIENYFL,HLA-B*44:02,0
IEDPPFNSL,HLA-B*40:01,1
IFKVTRFYF,HLA-A*24:02,0
IFLLHHAFV,HLA-A*02:01,0
IFNIIVPAI,HLA-A*24:02,0
IFPVFGISKI,HLA-A*24:02,0
IFSTIIFVL,HLA-A*24:02,0
IFTITKILL,HLA-A*24:02,1
IGEDIVLTL,HLA-A*02:01,1
IGGIGTVPV,HLA-A*02:01,1
IIFAVQTIV,HLA-A*02:01,0
IIFFIVLIL,HLA-A*02:01,0
IIIEGILFV,HLA-A*02:01,1
IIIFFIVLI,HLA-A*02:01,0
IILECVYCK,HLA-A*03:01,1
IILENFLFF,HLA-A*02:01,1
IILENILLF,HLA-A*02:01,1
IILNGSLLT,HLA-A*02:01,0
IIMDEAHFL,HLA-A*02:01,1
IIMDEAHFL,HLA-A*02:05,1
IINFYDPLVF,HLA-A*02:02,0
IINNINLYYV,HLA-A*02:01,0
IISYIILFI,HLA-A*02:01,0
IITCCLLSV,HLA-A*02:01,0
IITEGIMTL,HLA-A*02:01,1
IIVALTIMGV,HLA-A*02:01,0
IIVCNAFIL,HLA-A*02:01,1
IIYEILYML,HLA-A*02:01,0
IKLTVVVGDI,HLA-B*08:01,1
IKTFSNGCDY,HLA-A*02:02,0
ILAGYGAGV,HLA-A*02:01,1
ILAIIFLVL,HLA-A*02:01,0
ILAKFAHWL,HLA-A*02:01,1
ILAKFLHEL,HLA-A*02:01,1
ILAKFLHTL,HLA-A*02:01,1
ILAKFLHWL,HLA-A*02:01,1
ILALCIIFV,HLA-A*02:01,0
ILAVDGVLSV,HLA-A*02:01,1
ILDAHSLYL,HLA-A*02:01,1
ILDDNLYKV,HLA-A*02:01,1
ILDEERDKV,HLA-A*02:01,0
ILDEKPVII,HLA-A*02:01,1
ILDIAGFEI,HLA-A*02:01,0
ILDKKVEKV,HLA-A*02:01,1
ILDLISESPI,HLA-A*02:01,0
ILDPKTGLV,HLA-A*02:01,0
ILDSFDPLV,HLA-A*02:01,1
ILDSVGIEA,HLA-A*02:01,0
ILEDIVLTL,HLA-A*02:01,1
ILEYLTAEV,HLA-A*02:01,1
ILFGISLREV,HLA-A*02:01,0
ILFILFFAYV,HLA-A*02:01,0
ILFIMFMLI,HLA-A*02:01,0
ILFLLFVCI,HLA-A*02:01,0
ILGALLSIL,HLA-A*02:01,1
ILGFRKIPM,HLA-B*08:01,1
ILGFVFTLT,HLA-A*02:01,0
ILGFVFTLTV,HLA-A*02:01,1
ILGGWVAAQL,HLA-A*02:01,0
ILGIFNEFV,HLA-A*02:01,1
ILGKFLHTL,HLA-A*02:01,1
ILGKFLHWL,HLA-A*02:01,1
ILHLLDLHSL,HLA-A*02:01,0
ILIEGIFFV,HLA-A*02:01,1
ILIENALMF,HLA-A*02:01,1
ILIERFLLL,HLA-A*02:01,1
ILIERILLA,HLA-A*02:01,1
ILIERSPFL,HLA-A*02:01,1
ILINHGFYI,HLA-A*02:01,0
ILIPFLILFI,HLA-A*02:01,0
ILITQVLGL,HLA-A*02:01,1
ILIVMFPFL,HLA-A*02:01,1
ILKDFSILL,HLA-A*02:01,1
ILKEPVHGV,HLA-A*02:02,1
ILKGKFQTA,HLA-A*02:01,0
ILLEDGMLL,HLA-A*02:01,1
ILLENGYLL,HLA-A*02:01,1
ILLFVIVIYI,HLA-A*02:01,0
ILLGLAWLA,HLA-A*02:01,0
ILLGSLSDL,HLA-A*02:01,1
ILLLIGICVA,HLA-A*02:01,0
ILLSDILRV,HLA-A*02:01,0
ILLVAVSFV,HLA-A*02:01,1
ILLWEIPDV,HLA-A*02:01,1
ILMALFGIKL,HLA-A*02:01,0
ILMDSIFVST,HLA-A*02:01,0
ILMHCQTTL,HLA-A*02:01,1
ILMIFISSFL,HLA-A*02:01,0
ILMTATPPGT,HLA-A*02:01,0
ILMWEAVTL,HLA-A*02:01,1
ILNAMIAKI,HLA-A*02:01,1
ILNDEQLNL,HLA-A*02:01,1
ILNDSGETV,HLA-A*02:01,1
ILNNPKASL,HLA-A*02:01,1
ILNVDIFTL,HLA-A*02:01,1
ILNVDVFTL,HLA-A*02:01,1
ILNYMSPHHK,HLA-A*03:01,0
ILPSKSLEV,HLA-A*02:01,1
ILQDMRNTI,HLA-A*02:01,1
ILRGTSFVYV,HLA-A*02:01,0
ILRSFIPLL,HLA-A*02:01,1
ILSAHVATA,HLA-A*02:01,1
ILSCIFAFI,HLA-A*02:01,0
ILSLFLISL,HLA-A*02:01,0
ILSPLTKGI,HLA-A*02:01,0
ILSPSAHEL,HLA-A*02:01,1
ILTAILFFM,HLA-A*02:01,0
ILTDIEEKV,HLA-A*02:01,1
ILVAGLSGC,HLA-A*02:01,1
ILVENQLLV,HLA-A*02:01,1
ILVERALFT,HLA-A*02:01,1
ILVGYMSNL,HLA-A*02:01,0
ILVIFTVAI,HLA-A*02:01,0
ILWFFNAMV,HLA-A*02:01,0
ILWFFNAMVL,HLA-A*02:01,0
ILYAAFLWL,HLA-A*02:01,0
ILYGPLTRI,HLA-A*02:01,1
ILYIVFCII,HLA-A*02:01,0
ILYMGFRLYL,HLA-A*02:01,0
IMAKNEVFCV,HLA-A*02:01,1
IMCSIVPLW,HLA-A*24:02,0
IMDFIGPYI,HLA-A*02:01,0
IMDKNIILKA,HLA-A*02:01,1
IMDQVPFSV,HLA-A*02:01,1
IMDTDQRFV,HLA-A*02:01,0
IMEDVGWLNV,HLA-A*02:01,1
IMELATAGI,HLA-A*02:01,1
IMEYHLLFA,HLA-A*02:01,0
IMGGELPTA,HLA-A*02:01,1
IMGVIFLISV,HLA-A*02:01,0
IMIGVLVGV,HLA-A*02:01,1
IMLEALERV,HLA-A*02:01,1
IMLENGPFL,HLA-A*02:01,1
IMMGVLVGV,HLA-A*02:01,1
IMNFFKTEI,HLA-A*02:01,0
IMPGQEAGL,HLA-A*02:01,1
IMQLMPFGSL,HLA-A*02:01,0
IMSGEVPSM,HLA-A*02:01,1
IMSSFEFQV,HLA-A*02:01,1
IMVLSFLFL,HLA-A*02:01,1
IMYEGLLFV,HLA-A*02:01,1
IMYNILPIY,HLA-A*01:01,0
IMYNYPAML,HLA-A*02:01,1
IMYNYPAML,HLA-B*07:02,1
IPAALIILL,HLA-B*07:02,0
IPANTIKYL,HLA-B*07:02,0
IPEEAEWFT,HLA-B*07:02,0
IPFIAYFVL,HLA-B*07:02,0
IPHRLSTIIL,HLA-B*07:02,0
IPHSFTMTL,HLA-B*07:02,0
IPIILKALY,HLA-B*35:01,1
IPIYKRGDM,HLA-B*07:02,0
IPKDGLRGAF,HLA-B*07:02,0
IPKKIVSLL,HLA-B*07:02,0
IPKLVANNT,HLA-B*07:02,1
IPKYLEIEI,HLA-B*07:02,1
IPLYERRSFL,HLA-B*07:02,0
IPMATYGWNL,HLA-B*07:02,1
IPMGVGLSP,HLA-B*07:02,1
IPMSIISFF,HLA-B*07:02,0
IPMSTYGWNL,HLA-B*07:02,1
IPMVTQIAM,HLA-B*07:02,1
IPPMNSPRL,HLA-B*07:02,0
IPQYGYLTL,HLA-B*07:02,1
IPRHIFYQL,HLA-B*07:02,0
IPRLCPLQA,HLA-B*07:02,0
IPRRIRQGL,HLA-B*07:02,1
IPRVSILSKI,HLA-B*07:02,0
IPSLALMLI,HLA-B*53:01,0
IPSSWAFAK,HLA-A*11:01,0
IPVMRKAYL,HLA-B*07:02,1
IQATVMIIV,HLA-A*02:01,1
IQKETLVTF,HLA-B*15:01,1
IQLENSLFA,HLA-A*02:01,1
IQPFLALGF,HLA-A*24:02,1
IQYVIRAQL,HLA-B*13:02,0
IRRGVMLAV,HLA-B*27:05,1
ISDYFHNTY,HLA-A*01:01,1
ISEYRHYCY,HLA-A*01:01,1
ISWDIQDEK,HLA-A*11:01,1
ITAAAWYLW,HLA-B*53:01,1
ITDFNIDTY,HLA-A*01:01,1
ITEAELTGY,HLA-A*01:01,1
ITGSLGPLL,HLA-A*02:01,0
ITIENILLV,HLA-A*02:01,1
ITIERMLSV,HLA-A*02:01,1
ITLERALFM,HLA-A*02:01,1
ITMGSLFFV,HLA-A*02:02,1
ITMGSLFFV,HLA-A*68:02,1
ITMSAFLIV,HLA-A*02:01,0
ITNCLLSTA,HLA-A*02:01,1
ITSAIGILPV,HLA-A*02:01,1
ITSAIGVLFV,HLA-A*02:01,1
ITSAIGVLPI,HLA-A*02:01,1
ITSGIGVLPV,HLA-A*02:01,1
ITYNYQLFL,HLA-A*02:01,0
ITYSTYCKF,HLA-A*24:02,1
ITYSTYGKF,HLA-A*24:02,1
IVAPYIALL,HLA-A*02:01,0
IVAWFLLLI,HLA-A*02:01,0
IVAWFLLLIL,HLA-A*02:01,0
IVDCLTEMY,HLA-A*01:01,1
IVDSLTEMY,HLA-A*01:01,1
IVIDEILFK,HLA-A*11:01,1
IVIGVIILA,HLA-A*02:01,0
IVNGAMMFYV,HLA-A*02:01,0
IVQENNGAV,HLA-A*02:01,0
IVSPFIPLL,HLA-A*02:01,1
IVTDFSVIK,HLA-A*11:01,1
IVYAEKIPR,HLA-A*11:01,1
IVYRDGNPY,HLA-B*15:01,0
IYAGSLSAL,HLA-B*07:02,1
IYFVSLLLLL,HLA-A*24:02,0
IYGIFQSTF,HLA-A*24:02,1
IYLSDSDNI,HLA-A*24:02,0
IYPPQFHKV,HLA-A*24:02,1
IYTDSVDDL,HLA-A*24:02,0
IYVLVMLVLL,HLA-A*24:02,1
KAANIVLTV,HLA-A*02:01,1
KAAVDLSHF,HLA-B*57:01,1
KAFLTQLDEL,HLA-A*02:01,1
KALETDVPA,HLA-A*02:01,0
KAYANMWSL,HLA-A*32:01,0
KAYANMWSL,HLA-B*57:01,0
KAYHIIFFV,HLA-A*02:01,0
KCIDFYSRI,HLA-A*02:01,1
KDLVLLATI,HLA-A*02:01,1
KEIITASPY,HLA-B*44:02,0
KELYPLTSL,HLA-B*40:01,1
KFKKWCGML,HLA-A*24:02,0
KFLPDLYDYK,HLA-A*11:01,1
KFLSKLMNI,HLA-A*24:02,0
KFNSQVSII,HLA-A*24:02,0
KFRVQGEAV,HLA-A*02:01,0
KGDTTTGVY,HLA-A*01:01,1
KGVDTVSVGN,HLA-A*02:02,0
KIDSTSFSV,HLA-A*02:01,0
KIDYYIPYV,HLA-A*02:01,1
KIFNYNMGV,HLA-A*02:01,0
KIIKLFFRL,HLA-A*02:01,1
KILAIIFLV,HLA-A*02:01,0
KIMKVVNRW,HLA-A*32:01,0
KIMKVVNRW,HLA-B*57:01,0
KINIFMAFL,HLA-A*02:01,0
KISEYRHYC,HLA-A*02:01,1
KISHIMLDVA,HLA-A*02:01,1
KISNTTFEV,HLA-A*02:01,1
KITGTATGV,HLA-A*02:01,1
KITSYKFESV,HLA-A*02:01,1
KIVTNILIY,HLA-A*03:01,1
KIYQIGRSV,HLA-A*02:01,1
KIYRRQIFK,HLA-A*11:01,1
KLADYLNVL,HLA-A*02:01,1
KLAEAIFKL,HLA-A*02:01,1
KLAKKVLSRV,HLA-A*02:01,0
KLAKPLPYT,HLA-A*02:01,1
KLCKVRKITV,HLA-A*02:01,1
KLEPMASIL,HLA-A*02:01,1
KLFEFLVHGV,HLA-A*02:01,1
KLFPEVIDL,HLA-A*02:01,1
KLFSDISAI,HLA-A*02:01,1
KLFTDNNFL,HLA-A*02:01,0
KLGASPLHV,HLA-A*02:01,1
KLGEFYNQM,HLA-A*02:01,1
KLGGYVSFV,HLA-A*02:01,1
KLHLYSHPI,HLA-B*08:01,1
KLIANNTRV,HLA-A*02:01,1
KLIMPARFY,HLA-A*11:01,0
KLIVTPAAL,HLA-A*02:01,1
KLKDVLLQV,HLA-A*02:01,0
KLKKIKNSI,HLA-A*02:01,1
KLKKIKNSL,HLA-A*02:01,1
KLKSLGLNAV,HLA-A*02:01,1
KLLAGDEIV,HLA-A*02:01,1
KLLAGVEIV,HLA-A*02:01,1
KLLALGINAV,HLA-A*02:01,1
KLLEGEEERL,HLA-A*02:01,0
KLLEIAPNC,HLA-A*02:01,1
KLLEILAEHV,HLA-A*02:01,1
KLLGLGINAV,HLA-A*02:01,1
KLLGQINLV,HLA-A*02:01,1
KLLRRPFSL,HLA-A*02:01,0
KLLRYASAK,HLA-A*03:01,1
KLLSSGAFSA,HLA-A*02:01,1
KLLWFLTGT,HLA-A*02:01,0
KLMIYGLPWM,HLA-A*02:01,0
KLMPPDRTAV,HLA-A*02:01,1
KLMQWITQV,HLA-A*02:01,1
KLNDLCFSNV,HLA-A*02:01,0
KLNDWDFVV,HLA-A*02:01,1
KLNPMLAKA,HLA-A*02:01,1
KLNTITAVV,HLA-A*02:01,1
KLPDDFMGCV,HLA-A*02:01,1
KLPLDIDPV,HLA-A*02:01,1
KLPLDINPV,HLA-A*02:01,1
KLPQLCTEL,HLA-A*02:01,0
KLPQLCTEV,HLA-A*02:01,1
KLQEMEGTV,HLA-A*02:01,0
KLQEQQSDL,HLA-A*02:01,1
KLQQKEEQL,HLA-A*02:01,1
KLQVFLIVL,HLA-A*02:01,1
KLRKPKHKKL,HLA-A*02:01,1
KLRNWQWWRL,HLA-A*02:01,0
KLRPNSFWFV,HLA-A*02:01,0
KLRRGDLPFV,HLA-A*02:01,0
KLSCAVHLI,HLA-A*02:01,0
KLSEGDLLA,HLA-A*02:01,1
KLSELHAYI,HLA-A*02:01,1
KLSELHTYI,HLA-A*02:01,1
KLSEMSVTL,HLA-A*02:01,0
KLSGLGINAI,HLA-A*02:01,1
KLSGLGINAV,HLA-A*02:01,1
KLSHQLVLL,HLA-A*02:01,1
KLSHQPVLL,HLA-A*02:01,1
KLSREIMPV,HLA-A*02:01,1
KLSSFFQSV,HLA-A*02:01,0
KLTFLDVEV,HLA-A*02:01,1
KLTNTGLYNL,HLA-A*02:01,1
KLTPLCVSL,HLA-A*02:01,1
KLTPLCVTL,HLA-A*02:01,1
KLTQINFNM,HLA-A*02:01,1
KLVAAGINAV,HLA-A*02:01,1
KLVACGINAV,HLA-A*02:01,1
KLVADGINAV,HLA-A*02:01,1
KLVAEGINAV,HLA-A*02:01,1
KLVAHGINAV,HLA-A*02:01,1
KLVAIGINAV,HLA-A*02:01,1
KLVAKGINAV,HLA-A*02:01,1
KLVALGINAV,HLA-A*02:01,1
KLVALGLNAV,HLA-A*02:01,1
KLVALGVNAV,HLA-A*02:01,1
KLVAMGINAV,HLA-A*02:01,1
KLVAPGINAV,HLA-A*02:01,1
KLVAQGINAV,HLA-A*02:01,1
KLVAVGINAV,HLA-A*02:01,1
KLVAWGINAV,HLA-A*02:01,1
KLVAYGINAV,HLA-A*02:01,1
KLVCSEPLVK,HLA-A*03:01,1
KLVCSPAPC,HLA-A*02:01,1
KLVDSTDKA,HLA-A*02:01,0
KLVGKTVKV,HLA-A*02:01,1
KLVIIFMNL,HLA-A*02:01,0
KLVMSQANV,HLA-A*02:01,1
KLVRELFRV,HLA-A*02:01,1
KLVSISNFI,HLA-A*02:01,0
KLVSLGVNAV,HLA-A*02:01,1
KLWCRHFCV,HLA-A*02:01,1
KLYAAIFGV,HLA-A*02:01,0
KLYCSYEVA,HLA-A*02:01,1
KLYISWCLW,HLA-A*01:01,1
KLYLVDYGL,HLA-A*02:01,0
KLYLVDYGLV,HLA-A*02:01,0
KLYQNPTTYI,HLA-A*02:01,1
KLYTIVSTL,HLA-A*02:01,0
KMDQLAKEL,HLA-A*02:01,1
KMHDVIAPA,HLA-A*02:01,0
KMLPKIILF,HLA-A*24:02,0
KMSTDNAVY,HLA-A*24:02,0
KMVAVFYNT,HLA-A*02:01,1
KMYAFTLES,HLA-A*02:01,1
KMYAFTLESV,HLA-A*02:01,1
KNKEKALII,HLA-A*02:01,1
KPAIYSAILL,HLA-B*07:02,0
KPGTSGSPI,HLA-B*07:02,1
KPGTSGSPII,HLA-B*07:02,1
KPGTSGSPIV,HLA-B*07:02,1
KPIDDRFAH,HLA-B*07:02,1
KPIDDRFAN,HLA-B*07:02,1
KPIMSMGDI,HLA-B*07:02,0
KPLDDRFAT,HLA-B*07:02,1
KPLVSEINM,HLA-B*07:02,0
KPQQKGLRL,HLA-B*07:02,1
KPRWLDARI,HLA-B*07:02,1
KPTLDFELI,HLA-B*53:01,1
KPYNVNNLSV,HLA-B*07:02,0
KPYRSIPLM,HLA-B*07:02,0
KQDFSVPQL,HLA-A*02:01,0
KQLTILSLFL,HLA-A*02:01,0
KRGPSTEGV,HLA-A*02:01,0
KRWIIIGLHK,HLA-B*27:05,1
KRWIILGLNK,HLA-B*27:05,1
KSAHGSPTF,HLA-A*32:01,0
KSCLPACVY,HLA-A*01:01,1
KSFKDILPK,HLA-A*31:01,1
KSHGKGYNW,HLA-B*58:02,1
KSKRTPMGF,HLA-B*57:01,1
KSLFNTVATL,HLA-A*02:01,1
KSLFNTVAVL,HLA-A*02:01,1
KSLYNTIATL,HLA-A*02:01,1
KSLYNTIAVL,HLA-A*02:01,1
KSLYNTVATL,HLA-A*02:01,1
KSSYVFKRY,HLA-A*01:01,0
KTFDSEYVK,HLA-A*11:01,0
KTHESHLVR,HLA-A*31:01,0
KTINYSFFL,HLA-A*02:01,0
KTMAVTYEL,HLA-A*02:01,0
KTSERSQPR,HLA-A*11:01,0
KTWADEYLCV,HLA-A*02:01,1
KTWGKNLVF,HLA-A*32:01,1
KVAELVHFL,HLA-A*02:01,1
KVAELVWFL,HLA-A*02:01,1
KVDDTFYYV,HLA-A*02:01,1
KVFEHVGSR,HLA-A*11:01,1
KVGNFTGLY,HLA-A*11:01,0
KVHPVIWSL,HLA-A*02:01,0
KVIQYLAYV,HLA-A*02:01,0
KVLGLWATV,HLA-A*02:01,1
KVLNPYMPSV,HLA-A*02:01,1
KVLPDGQVI,HLA-A*02:01,0
KVLSIMAFI,HLA-A*02:01,0
KVLTLFAEV,HLA-A*02:01,0
KVSKPKARL,HLA-B*07:02,0
KVVDELVKV,HLA-A*02:01,0
KVVEFLAML,HLA-A*02:01,0
KVVNRWLFR,HLA-A*31:01,0
KVVSLVILA,HLA-A*02:01,1
KVYDKLFPV,HLA-A*02:01,0
KWIELYMYF,HLA-A*24:02,0
KWLNPACMF,HLA-A*24:02,0
KWNEFKSSY,HLA-A*24:02,0
KYIFPGGLL,HLA-A*24:02,1
KYIMLSNGY,HLA-A*24:02,0
KYINKHYDL,HLA-A*24:02,0
KYLIYTSSM,HLA-A*24:02,0
KYMTAVVKLF,HLA-A*23:01,1
KYPLEKTQY,HLA-A*24:02,0
KYQEFFWDA,HLA-A*02:01,1
KYQEFFWDA,HLA-A*24:02,1
KYQLKHIVW,HLA-A*24:02,1
KYTSFPWLLG,HLA-A*24:02,1
KYWNNHRQGI,HLA-A*24:02,1
LAALFMYYA,HLA-A*02:01,0
LAAPPPQRA,HLA-A*02:01,1
LADTNSLAV,HLA-A*02:01,0
LAESIRPLV,HLA-A*02:01,1
LAGIGLIAA,HLA-A*02:01,1
LAIAAMASA,HLA-A*02:01,1
LAILYILLL,HLA-A*02:01,0
LATWVGSNL,HLA-A*24:02,1
LAVDGVLSV,HLA-A*02:01,1
LCCYVLEET,HLA-C*07:01,1
LCGSHLVEAL,HLA-A*02:01,1
LCVQSTHVDI,HLA-A*24:02,1
LEAIRSLVL,HLA-B*08:01,0
LEDPASREL,HLA-B*40:01,0
LEENMEVEIW,HLA-B*44:02,1
LEIVFFNEAF,HLA-B*44:02,0
LESNGLVRL,HLA-B*44:02,0
LETDAGRVKF,HLA-B*44:02,0
LFCICKFVF,HLA-A*24:02,1
LFGYPVYVF,HLA-A*24:02,1
LFLNTLSFV,HLA-A*02:01,1
LFRFFECTF,HLA-A*24:02,0
LFVIVIYIF,HLA-A*24:02,0
LGGLGLFFA,HLA-A*02:01,1
LGVIGLVAL,HLA-A*02:01,1
LGYGFVNYI,HLA-A*02:01,1
LHLAVIGAL,HLA-A*02:01,0
LIAGIILLI,HLA-A*02:01,0
LIASNVAGV,HLA-A*02:01,1
LIDQYLYYL,HLA-A*02:01,1
LIEDFDIYV,HLA-A*02:01,1
LIFCHSKKK,HLA-A*03:01,1
LIFLARSAL,HLA-A*02:01,1
LIFNMLYWI,HLA-A*02:01,1
LIIENQLFF,HLA-A*02:01,1
LIIEWIFFL,HLA-A*02:01,1
LIIEWYLIM,HLA-A*02:01,1
LIIIFFIVLI,HLA-A*02:01,0
LIIKLPKYSL,HLA-A*02:01,0
LIIPFIHLI,HLA-A*02:01,1
LIIPNVTLAH,HLA-A*03:01,1
LILCYFILI,HLA-A*02:01,0
LILDPKINV,HLA-A*02:01,1
LILENYMFA,HLA-A*02:01,1
LILERALLL,HLA-A*02:01,1
LILERSPTA,HLA-A*02:01,1
LILFLLFVCI,HLA-A*02:01,0
LILLLLIYL,HLA-A*02:01,0
LILQGVLTM,HLA-A*02:01,1
LIMFEQYFI,HLA-A*02:01,0
LIMYSVIGV,HLA-A*02:01,0
LIPFLILFI,HLA-A*02:01,0
LIQEIVHEV,HLA-A*02:01,0
LISIRILYY,HLA-A*01:01,0
LISRALVVT,HLA-A*02:01,0
LITWLIDYV,HLA-A*02:01,0
LIVDAVLQL,HLA-A*02:01,1
LIVENAPIL,HLA-A*02:01,1
LIVGIIFTA,HLA-A*02:01,0
LIVGILLVL,HLA-A*02:01,0
LIVILFIMFM,HLA-A*02:01,0
LIVLFEVFV,HLA-A*02:01,0
LIVLFEVFVV,HLA-A*02:01,0
LIVRYLIQV,HLA-A*02:01,0
LLAALVQDYL,HLA-A*02:01,1
LLAAVAALL,HLA-A*02:01,1
LLAFTNPTV,HLA-A*02:01,0
LLAGIPLAY,HLA-A*01:01,0
LLAGLVSLL,HLA-A*02:01,0
LLAGTLAGV,HLA-A*02:01,1
LLAGTLAVV,HLA-A*02:01,1
LLAIKVPNV,HLA-A*02:01,1
LLAILPYYV,HLA-A*02:01,1
LLALLSCLTI,HLA-A*02:01,0
LLALLSCLTV,HLA-A*02:01,1
LLAMKVPNV,HLA-A*02:01,1
LLAMTVPNV,HLA-A*02:01,1
LLAPGAKQNV,HLA-A*02:01,0
LLAPGPLFV,HLA-A*02:01,1
LLAVGATKV,HLA-A*02:01,0
LLAVLTAAPL,HLA-A*02:01,1
LLAVLYCLL,HLA-A*02:01,0
LLAVSSILLL,HLA-A*02:05,1
LLAVSSILLL,HLA-A*02:13,1
LLCAGQVTAL,HLA-A*02:01,1
LLCGNLLIL,HLA-A*02:01,1
LLCLIFLLV,HLA-A*02:01,1
LLCPKSIPGL,HLA-A*02:01,1
LLDAHIPQL,HLA-A*02:01,1
LLDEATSAL,HLA-A*02:01,0
LLDFVRFMGY,HLA-A*02:01,1
LLDFVRMGV,HLA-A*02:01,1
LLDGTATLRL,HLA-A*02:01,0
LLDKAVSNVI,HLA-A*02:01,1
LLDKRQFELY,HLA-A*01:01,1
LLDSGTTSI,HLA-A*02:01,0
LLDSSTTRV,HLA-A*02:01,1
LLDTASALY,HLA-A*01:01,1
LLDVPTAAV,HLA-A*02:01,1
LLFAAFSSA,HLA-A*02:01,1
LLFALYFSA,HLA-A*02:01,1
LLFDRDTFYI,HLA-A*02:01,0
LLFEEYTNI,HLA-A*02:01,1
LLFFLALSI,HLA-A*02:01,0
LLFGFPVYV,HLA-A*02:01,1
LLFGLALIEV,HLA-A*02:01,1
LLFGMPPCL,HLA-A*02:01,1
LLFGYPRYV,HLA-A*02:01,1
LLFGYPVFV,HLA-A*02:01,1
LLFILFYFA,HLA-A*02:01,0
LLFNSSFCI,HLA-A*02:01,0
LLFPWPLPT,HLA-A*02:01,0
LLFVIVIYI,HLA-A*02:01,0
LLGAAMVGA,HLA-A*02:01,0
LLGATCMFV,HLA-A*02:01,1
LLGCIITSL,HLA-A*02:01,1
LLGCPVPLGV,HLA-A*02:01,1
LLGLILFVL,HLA-A*02:01,0
LLGLILFVLA,HLA-A*02:01,0
LLGLWGLATA,HLA-A*02:01,0
LLGLWGLTGL,HLA-A*02:01,1
LLGLWGTAAL,HLA-A*02:01,1
LLGRNSFEV,HLA-A*02:01,1
LLHGFSFHL,HLA-A*02:01,1
LLHGFSFYL,HLA-A*02:01,1
LLHLAVIGA,HLA-A*02:01,0
LLHLLVVQYV,HLA-A*02:01,0
LLHPSLVFDI,HLA-A*24:02,1
LLHTDFEQV,HLA-A*02:01,1
LLHTDFEQVM,HLA-A*02:01,1
LLIADNPQL,HLA-A*02:01,1
LLIASVTWL,HLA-A*02:01,1
LLIDILILL,HLA-A*02:01,0
LLIDLTSFL,HLA-A*02:01,1
LLIDLTSFLL,HLA-A*02:01,1
LLIEGIFFI,HLA-A*02:01,1
LLIENAMFI,HLA-A*02:01,1
LLIENFVTG,HLA-A*02:01,1
LLIERYLLV,HLA-A*02:01,1
LLIGGFAGL,HLA-A*02:01,1
LLIHFLLSLV,HLA-A*02:01,0
LLIIGGLLF,HLA-A*02:01,1
LLIKGGVEV,HLA-A*02:01,1
LLIKKLPRV,HLA-A*02:01,1
LLILSCIFA,HLA-A*02:01,0
LLIPNPPYI,HLA-A*32:01,1
LLIRCINCQK,HLA-A*03:01,1
LLIYLYLKV,HLA-A*02:01,0
LLLAEPFPV,HLA-A*02:01,1
LLLDVPTAAV,HLA-A*02:01,1
LLLDYMTST,HLA-A*02:01,0
LLLEQALLV,HLA-A*02:01,1
LLLERYFLA,HLA-A*02:01,1
LLLETKTILV,HLA-A*02:01,0
LLLFHETGV,HLA-A*02:01,0
LLLFLTIFI,HLA-A*02:01,1
LLLGLWGFAA,HLA-A*02:01,0
LLLGMYLEF,HLA-A*29:01,1
LLLGTLNIV,HLA-A*02:01,1
LLLHCPSKTV,HLA-A*02:01,1
LLLIGCWYC,HLA-A*02:01,0
LLLIGICVAV,HLA-A*02:01,0
LLLIHFLLSL,HLA-A*02:01,0
LLLISLVYA,HLA-A*02:01,0
LLLIWFRPV,HLA-A*02:01,1
LLLIYLYLKV,HLA-A*02:01,0
LLLLDVAPL,HLA-A*02:01,1
LLLLFHSYAI,HLA-A*02:01,0
LLLLLFHSYA,HLA-A*02:01,0
LLLLVITCCV,HLA-A*02:01,0
LLLMRTTWAF,HLA-A*24:02,1
LLLPALAGA,HLA-A*02:01,1
LLLPGIYTV,HLA-A*02:01,0
LLLRSPAGV,HLA-A*02:01,1
LLLSAEPVPA,HLA-A*02:01,1
LLLVAHYAI,HLA-A*02:01,1
LLLVITCCV,HLA-A*02:01,0
LLLVITCCVL,HLA-A*02:01,0
LLLWPLYVL,HLA-A*02:01,0
LLLWPLYVLL,HLA-A*02:01,0
LLLYFKVFGI,HLA-A*02:01,0
LLMGTLGIV,HLA-A*02:01,1
LLMGTLGIVC,HLA-A*02:01,0
LLMPAGVPL,HLA-A*02:01,1
LLMPTISLI,HLA-A*02:01,1
LLMTGGVTL,HLA-A*02:01,0
LLMTGGVTLV,HLA-A*02:01,0
LLMTSLQYA,HLA-A*02:01,0
LLMWEAVTV,HLA-A*02:01,1
LLMYNLLTI,HLA-A*02:01,0
LLNAFTVTV,HLA-A*02:01,0
LLNATDIAV,HLA-A*02:01,1
LLNGWRWRL,HLA-A*02:01,1
LLNLLLWPL,HLA-A*02:01,0
LLNPCLINV,HLA-A*02:01,0
LLNYILKSV,HLA-A*02:01,1
LLPAPLVSV,HLA-A*02:01,1
LLPGCGVDF,HLA-A*03:01,0
LLPIFFCLWV,HLA-A*02:01,0
LLPRRGPRL,HLA-A*24:02,1
LLQEEEEEL,HLA-A*02:01,1
LLRAESLPGA,HLA-A*02:01,1
LLSEIRFYI,HLA-A*02:01,0
LLSERVATDL,HLA-A*02:01,0
LLSHFYPAV,HLA-A*02:01,0
LLSIISFPA,HLA-A*02:01,1
LLSILCIWV,HLA-A*02:01,1
LLSLFSTLV,HLA-A*02:01,0
LLSLLVIWI,HLA-A*02:01,0
LLSLLVIWIL,HLA-A*02:01,0
LLSPRGKEL,HLA-B*08:01,0
LLSQYLSRV,HLA-A*02:01,0
LLSSGAFSA,HLA-A*02:01,1
LLSSVSPGA,HLA-A*02:01,0
LLSTAALPV,HLA-A*02:01,1
LLSTTEWQI,HLA-A*24:02,1
LLTEVETPI,HLA-A*02:01,0
LLTTLSNRV,HLA-A*02:01,1
LLTTSGVSA,HLA-A*02:01,1
LLTTSGVSAI,HLA-A*02:01,0
LLVALAIGCV,HLA-A*02:01,1
LLVDLAEEL,HLA-A*02:01,1
LLVEDLLVL,HLA-A*02:01,1
LLVEGAMTV,HLA-A*02:01,1
LLVEGILLV,HLA-A*02:01,1
LLVEGSPTA,HLA-A*02:01,1
LLVENIPLF,HLA-A*02:01,1
LLVENWPLL,HLA-A*02:01,1
LLVERASLM,HLA-A*02:01,1
LLVERQLVL,HLA-A*02:01,1
LLVGYNDSA,HLA-A*02:01,0
LLVIWILIV,HLA-A*02:01,0
LLVPFVQWFV,HLA-A*02:01,0
LLVQRAPLL,HLA-A*02:01,1
LLVSEIDWL,HLA-A*02:01,1
LLWAARPRL,HLA-A*02:01,1
LLWFLTGTFV,HLA-A*02:01,0
LLWGRQLFA,HLA-A*02:01,1
LLWNGPIAV,HLA-A*02:01,1
LLWNGPMQV,HLA-A*02:01,1
LLWNTVWNM,HLA-A*02:01,1
LLWSFQTSA,HLA-A*02:01,0
LLWTLVVLL,HLA-A*02:01,1
LLYAHINAL,HLA-A*02:01,0
LLYANSAHAL,HLA-A*02:01,1
LLYENGVLV,HLA-A*02:01,1
LLYFKVFGI,HLA-A*02:01,0
LLYGFVNYV,HLA-A*02:01,1
LLYGYPVYV,HLA-A*02:01,1
LLYIKIYEL,HLA-A*02:01,0
LLYNEQFAV,HLA-A*02:01,0
LLYPGYAMV,HLA-A*02:01,0
LMASISSFL,HLA-A*02:01,1
LMASSPTSI,HLA-A*02:01,1
LMAVVLASL,HLA-A*02:01,0
LMDDTLSPV,HLA-A*02:01,0
LMFDRGMSLL,HLA-A*02:01,1
LMFLFSSNI,HLA-A*02:01,0
LMHAPAFET,HLA-A*02:01,1
LMIAHRVLL,HLA-A*02:01,0
LMIERGLLA,HLA-A*02:01,1
LMIFISSFL,HLA-A*02:01,0
LMIGTAAAV,HLA-A*02:01,1
LMIIPLINV,HLA-A*02:01,1
LMIYGLPWM,HLA-A*02:01,0
LMKITAEWLW,HLA-B*53:01,1
LMLERALLV,HLA-A*02:01,1
LMLERGFII,HLA-A*02:01,1
LMLGEFLKL,HLA-A*02:01,1
LMLIWYRPV,HLA-A*02:01,1
LMLLFAAMI,HLA-A*02:01,0
LMLQNALTTM,HLA-A*02:01,0
LMMMLPATL,HLA-A*02:01,1
LMMMLPATLA,HLA-A*02:01,1
LMMPFSIVYI,HLA-A*02:01,1
LMMTLPSIFL,HLA-A*02:01,0
LMNNAFEWI,HLA-A*02:01,1
LMTNGPLEV,HLA-A*02:01,1
LMVERGYTF,HLA-A*02:01,1
LMVLHSPSL,HLA-A*02:01,1
LMWYELSKIN,HLA-A*02:01,1
LNFPGSQKV,HLA-A*02:01,0
LPAIVREAI,HLA-B*07:02,1
LPAIVREAI,HLA-B*53:01,1
LPAYYRNGV,HLA-B*07:02,0
LPCPQINTL,HLA-B*07:02,0
LPDIFYNFI,HLA-B*07:02,0
LPFDKPTIM,HLA-B*07:02,1
LPFDKSTVM,HLA-B*07:02,1
LPFDKTTIM,HLA-B*07:02,1
LPFDKTTIM,HLA-B*35:01,1
LPFDKTTVM,HLA-B*07:02,0
LPFDRPTIM,HLA-B*07:02,1
LPFEKSTIM,HLA-B*07:02,1
LPFEKSTIM,HLA-B*35:01,1
LPFEKSTVM,HLA-B*07:02,1
LPFERATVM,HLA-B*07:02,1
LPGTAVVPL,HLA-B*35:01,1
LPHSSSHWL,HLA-A*02:01,0
LPIHTAELL,HLA-B*07:02,1
LPLLALLAL,HLA-B*07:02,1
LPLMALLTPV,HLA-B*55:01,0
LPQFATAAT,HLA-B*07:02,1
LPQFATAAT,HLA-B*54:01,1
LPRACWREA,HLA-B*07:02,1
LPRAKKLIL,HLA-B*08:01,1
LPRNMVITCQ,HLA-B*07:02,1
LPRRSGAAGA,HLA-B*07:02,1
LPRRSGAAGA,HLA-B*55:01,1
LPSDFFPSV,HLA-B*07:02,0
LPSFGVSGI,HLA-B*07:02,1
LPSNVEIKAI,HLA-B*07:02,1
LPTNEFISF,HLA-B*07:02,0
LPVCAFSSA,HLA-B*07:02,1
LPWHRLFLL,HLA-A*02:01,0
LQAGFFLLTR,HLA-A*11:01,0
LQDIEITCV,HLA-A*02:01,1
LQHYREVAA,HLA-C*08:02,1
LQLCCLATA,HLA-A*02:01,1
LQLEELEKV,HLA-A*02:01,0
LQLYSLFSL,HLA-A*02:01,0
LQMANTLPV,HLA-A*02:01,0
LQPPDPVGL,HLA-A*02:01,1
LQTGIHVRV,HLA-A*02:01,1
LQTTIHDII,HLA-A*02:01,1
LQVENYLPI,HLA-A*02:01,1
LQVIRILLA,HLA-A*02:01,1
LRAGRSRRL,HLA-C*06:02,1
LSMPQVNIVK,HLA-A*24:02,1
LSPRPVSYLK,HLA-B*07:02,1
LSVIWMMWY,HLA-A*11:01,0
LTAGFLIFL,HLA-A*02:01,0
LTDALALGM,HLA-A*01:01,1
LTDFQSHQL,HLA-A*01:01,1
LTDGNPPEV,HLA-A*02:01,1
LTDYGALTL,HLA-A*01:01,1
LTFKGPGAWA,HLA-A*02:01,0
LTGDENFTI,HLA-A*02:01,0
LTIMGVIFLI,HLA-A*02:01,0
LTLEQILTV,HLA-A*02:01,1
LTLGEFLKL,HLA-A*02:01,0
LTLLGTLWGA,HLA-A*02:01,1
LTRAQFEHL,HLA-A*68:02,0
LTSCGSSPV,HLA-A*02:01,0
LTVEGIFRV,HLA-A*02:01,1
LTYFEEPNY,HLA-A*01:01,0
LTYRHKVVK,HLA-A*03:01,1
LVALLVCLTV,HLA-A*02:01,1
LVALTLTSY,HLA-B*15:01,0
LVALTLTSY,HLA-B*35:01,0
LVAPPPAPA,HLA-A*02:01,0
LVAPPPAPA,HLA-B*07:02,1
LVAYGGSWK,HLA-A*03:01,0
LVEYGTVVNK,HLA-A*11:01,1
LVGPTPVNI,HLA-A*02:01,1
LVHTPSIDK,HLA-A*11:01,1
LVIGACVYC,HLA-A*02:01,0
LVIGMPPPV,HLA-A*02:01,1
LVISGLFPV,HLA-A*02:01,1
LVITINYFL,HLA-A*02:01,0
LVLAVGPAY,HLA-A*29:02,0
LVLILYLCV,HLA-A*02:01,1
LVLMAVVLA,HLA-A*02:01,0
LVLPILITI,HLA-A*02:01,1
LVLPLVMGV,HLA-A*02:01,1
LVLYGGLLM,HLA-A*02:01,1
LVQAFHSFRA,HLA-A*02:01,0
LVTFLLLCGR,HLA-A*11:01,0
LVVADLSFI,HLA-A*02:01,1
LVVEQSLTF,HLA-A*02:01,1
LVYGDVIMR,HLA-A*68:01,0
LVYVNGVVV,HLA-A*02:01,0
LWFHISCLTF,HLA-A*24:02,1
LWLYGYNFI,HLA-A*24:02,0
LWMRLLPLL,HLA-A*24:02,1
LYALALLLL,HLA-A*24:02,1
LYASPQLEGF,HLA-A*24:02,1
LYATYVKSLL,HLA-A*24:02,0
LYAVATTIL,HLA-A*24:02,1
LYEVNSTMTL,HLA-A*24:02,0
LYKSGNSHI,HLA-A*24:02,0
LYLGHSAGF,HLA-A*24:02,0
LYLILFLLF,HLA-A*24:02,0
LYLQQNWWTL,HLA-A*24:02,1
LYNKYSFKL,HLA-A*24:02,0
LYPDAPPLRL,HLA-A*24:02,1
LYPSLIFDI,HLA-A*02:01,1
LYPSLIFDI,HLA-A*24:02,1
LYQLLEAVY,HLA-A*24:02,0
LYSPPLISI,HLA-A*24:02,0
MAGCGYLMF,HLA-B*35:01,0
MAMTDTTPF,HLA-A*25:01,0
MARELHPEY,HLA-C*12:02,1
MASASLVTV,HLA-A*02:01,1
MCQWGRLWQL,HLA-A*02:01,1
MEVQLVRQM,HLA-B*40:01,1
MFMLIFNVK,HLA-A*11:01,1
MIFISSFLL,HLA-A*02:01,0
MIIEGFLLI,HLA-A*02:01,1
MIISHLSLI,HLA-A*02:01,1
MIISHLYLI,HLA-A*02:01,1
MIKPCCERV,HLA-A*02:01,1
MILIEGIFFV,HLA-A*02:01,1
MIMQGGFSV,HLA-A*02:01,1
MIMYLVLGI,HLA-A*02:01,0
MINAYLDKL,HLA-A*02:01,1
MINPLVITT,HLA-A*02:01,1
MIVAWFLLL,HLA-A*02:01,0
MIVAWFLLLI,HLA-A*02:01,0
MKQIKGGSL,HLA-B*08:01,1
MKTFLILAL,HLA-B*08:01,0
MLADKTKSI,HLA-A*02:01,0
MLAVISCAV,HLA-A*02:01,0
MLDDFSAGA,HLA-A*02:01,0
MLDHAGDMA,HLA-A*24:02,1
MLDLQPETT,HLA-A*02:01,1
MLEGETKLY,HLA-A*01:01,0
MLGERLFPL,HLA-A*02:01,1
MLGHAGDMA,HLA-A*02:01,1
MLGNRLEAL,HLA-A*02:01,0
MLIERVMST,HLA-A*02:01,1
MLIGEVFNI,HLA-A*02:01,1
MLKRERNRV,HLA-B*08:01,1
MLLALIAVL,HLA-A*02:01,1
MLLALVALV,HLA-A*02:01,0
MLLALVALVI,HLA-A*02:01,0
MLLDKNIPI,HLA-A*02:01,1
MLLEGMMIV,HLA-A*02:01,1
MLLENGLLA,HLA-A*02:01,1
MLLHVGIPL,HLA-A*02:01,0
MLLILCVTQV,HLA-A*02:01,1
MLLKQDVSL,HLA-A*02:01,1
MLLRSAIGQV,HLA-A*02:01,0
MLLWTAVAV,HLA-A*02:01,1
MLMETMFFI,HLA-A*02:01,0
MLMFIFTGI,HLA-A*02:01,0
MLMIIIVIAI,HLA-A*02:01,1
MLMPVHFLL,HLA-A*02:01,1
MLNIPSINV,HLA-A*02:01,1
MLNIPSINV,HLA-A*02:06,0
MLQDGNKGSV,HLA-A*02:01,0
MLQTNSLAL,HLA-A*02:01,1
MLSPMLHHW,HLA-B*57:01,0
MLSTKSIDLY,HLA-A*01:01,0
MLTERQLLI,HLA-A*02:01,1
MLTTLILTL,HLA-A*02:01,1
MLVCGDDLV,HLA-A*02:01,1
MLVEEGLLV,HLA-A*02:01,1
MLVEGVLLA,HLA-A*02:01,1
MLVERWLFF,HLA-A*02:01,1
MLVERYLLA,HLA-A*02:01,1
MLVEWALVA,HLA-A*02:01,1
MLVGGSTLCV,HLA-A*02:01,1
MLVQSCTSI,HLA-A*02:01,1
MLWGYLQYV,HLA-A*02:01,1
MLWYTVYNI,HLA-A*02:01,1
MLYQLLEAV,HLA-A*02:01,0
MMAKEEELV,HLA-A*02:01,0
MMARDTAEA,HLA-A*02:01,1
MMIEEYPYV,HLA-A*02:01,1
MMKTYIEFV,HLA-A*02:01,0
MMMMKWIISI,HLA-A*02:01,0
MMMNWSPTT,HLA-A*02:01,1
MMPEAMTIV,HLA-A*02:05,0
MMPFSIVYI,HLA-A*02:01,1
MMPFSIVYIV,HLA-A*02:01,1
MMSCSSEAT,HLA-A*02:01,0
MMWDAGLGMM,HLA-A*02:01,1
MMWDRGAGMM,HLA-A*02:01,1
MMWDRGLGAM,HLA-A*02:01,1
MMWDRGLGM,HLA-A*02:01,1
MMWDRGMGLL,HLA-A*02:01,1
MPASHNNLA,HLA-B*07:02,0
MPAYIRNTL,HLA-B*07:02,1
MPEAMTIVM,HLA-B*35:01,0
MPEAMTIVM,HLA-B*35:03,0
MPEAMTIVML,HLA-B*35:01,1
MPIDERRII,HLA-B*07:02,0
MPLETQLAI,HLA-B*53:01,0
MPNNPNRNV,HLA-A*02:01,1
MPNNPNRNV,HLA-B*53:01,0
MPNYPNRNV,HLA-B*53:01,0
MPTNKKINM,HLA-B*07:02,0
MPVGGQSSF,HLA-B*35:01,1
MPVYNRQVL,HLA-B*07:02,0
MQLENGLLL,HLA-A*02:01,1
MQNLHSSCSR,HLA-A*11:01,0
MQVEWILTF,HLA-A*02:01,1
MQWLTQYYI,HLA-A*02:01,0
MTDDIGMGV,HLA-A*01:01,1
MTEQTDEAV,HLA-A*02:01,0
MTGGVTLVR,HLA-A*11:01,0
MTGGVTLVR,HLA-A*68:01,0
MTIIFLILM,HLA-A*02:01,1
MTKALGISY,HLA-C*12:02,0
MTPAEVSIV,HLA-A*02:01,0
MTSAIGILPV,HLA-A*02:01,1
MTSCVSEQL,HLA-A*02:01,0
MTYTGGVMT,HLA-A*02:01,0
MVHQIFGSAY,HLA-B*15:01,1
MVHQIFGSAY,HLA-B*35:01,1
MVIFFMSPK,HLA-A*03:01,0
MVIFFMSPK,HLA-A*11:01,0
MVMELIRMI,HLA-A*02:01,1
MVNTVLITV,HLA-A*02:01,0
MVWGPDPLYV,HLA-A*02:01,1
MWLGARYLEF,HLA-A*23:01,0
MWYELSKIN,HLA-A*02:01,1
MYMALIAAF,HLA-A*23:01,0
MYNYPAMLG,HLA-A*24:02,1
MYNYPTMLD,HLA-A*24:02,1
MYQKCCNLF,HLA-A*24:02,0
NAAEPEQPW,HLA-B*58:01,0
NAPPAYEKL,HLA-A*02:01,0
NAPPPPVIA,HLA-A*02:01,1
NEALAAAGL,HLA-B*40:01,0
NEGCGWAGW,HLA-A*02:01,1
NEMKINRQIL,HLA-B*44:02,0
NFKKWCNSL,HLA-A*24:02,0
NGALAINTF,HLA-B*15:01,1
NGVRVLATA,HLA-A*02:01,1
NIAEYIAGL,HLA-A*02:01,0
NIMNFFKTEI,HLA-A*02:01,0
NIQTAINQV,HLA-A*02:01,1
NIRQAGVQY,HLA-B*15:02,1
NISTILYFT,HLA-A*02:01,0
NIVCPLCTL,HLA-A*02:01,1
NLAEDIMRL,HLA-A*02:01,0
NLAQTDLATV,HLA-A*02:01,1
NLATYMNSI,HLA-A*02:01,1
NLDDVYSYI,HLA-A*02:01,0
NLDTSPFFV,HLA-A*02:01,0
NLFDIPLLTV,HLA-A*02:01,1
NLFNRYLAL,HLA-A*02:01,1
NLFNRYPAL,HLA-A*02:01,1
NLFSQDISV,HLA-A*02:01,1
NLIALSLGL,HLA-A*02:01,1
NLIIHTAAL,HLA-A*02:01,0
NLIKLAQKV,HLA-A*02:01,1
NLLEREFGA,HLA-A*02:01,1
NLLLWPLYV,HLA-A*02:01,0
NLLLWPLYVL,HLA-A*02:01,0
NLLSPASFF,HLA-A*02:01,0
NLLVTGFDT,HLA-A*02:01,1
NLMWYELSK,HLA-A*02:01,1
NLMWYELSKI,HLA-A*02:01,1
NLNCCSVPV,HLA-A*02:01,1
NLNDNAIHL,HLA-A*02:01,0
NLNESLIDL,HLA-A*02:01,1
NLSALGIFST,HLA-A*02:01,1
NLSDGFLLI,HLA-A*02:01,0
NLSNLGILPV,HLA-A*02:01,1
NLVAMVATV,HLA-A*02:01,1
NLVPIVATV,HLA-A*02:01,1
NLVPMVASV,HLA-A*02:01,1
NLVPMVATV,HLA-A*24:02,1
NLVPMVATV,HLA-B*07:02,1
NLVPTVATV,HLA-A*02:01,1
NLVPVVATV,HLA-A*02:01,1
NLYIIILNM,HLA-A*02:01,0
NLYRIGQSKV,HLA-A*02:01,0
NMGGLGIMPV,HLA-A*02:01,1
NMISDTIFV,HLA-A*02:01,0
NMLSTVLGV,HLA-A*02:01,1
NMLSTVLGV,HLA-A*02:02,1
NMLSTVLGV,HLA-A*68:02,1
NMMGGCLQNA,HLA-A*02:01,0
NMPNDPNRNV,HLA-A*02:01,1
NMQTVKLFV,HLA-A*02:01,0
NMSQAEYLV,HLA-A*02:01,0
NMVYATTSR,HLA-A*03:01,0
NMYNVSMAV,HLA-A*02:01,0
NPATPASKL,HLA-B*07:02,1
NPCHTTKLL,HLA-B*07:02,1
NPFFAVTAL,HLA-B*35:03,0
NPITLTAAL,HLA-B*07:02,1
NPLTLTAAV,HLA-B*07:02,1
NPNMIDKTPV,HLA-B*07:02,1
NPRKQVPFM,HLA-B*07:02,0
NPRLCTREEF,HLA-B*07:02,1
NPRPFYNSDL,HLA-B*07:02,0
NPRSENTRL,HLA-B*07:02,0
NPSKMVYAL,HLA-B*07:02,0
NPSKMVYALL,HLA-B*07:02,1
NPSVLKILL,HLA-B*07:02,1
NPWMEDKTPV,HLA-B*07:02,1
NPYAVCDKCL,HLA-B*07:02,1
NSTCNFFVCK,HLA-A*11:01,0
NSTCRFFVCK,HLA-A*11:01,1
NTDIKTLKF,HLA-A*01:01,1
NTKYRSWYL,HLA-B*08:01,0
NTLEQTVKK,HLA-A*11:01,0
NTLTISFFL,HLA-A*02:01,0
NTRQLKLLEY,HLA-A*01:01,0
NVLLYNRLL,HLA-A*02:01,0
NVMPVLDQSV,HLA-A*02:01,1
NVSIPWTHK,HLA-A*11:01,1
NVTKYLPLDK,HLA-A*11:01,0
NVTSIHSLL,HLA-A*68:02,1
NYLDLSALL,HLA-A*24:02,1
NYNNLDDKF,HLA-A*24:02,1
NYQLAVFML,HLA-A*24:02,0
NYTPGPGIRF,HLA-A*24:02,1
NYTPGPGIRY,HLA-A*24:02,1
PAWSRRTLL,HLA-B*07:02,1
PEWTEAQRL,HLA-A*02:01,0
PIGENSPLL,HLA-A*02:01,0
PIINFYDPLV,HLA-A*02:02,0
PLGPQFPFT,HLA-A*02:01,0
PLLIPTSKL,HLA-A*02:01,1
PLMALLTPV,HLA-A*02:01,0
PLPLTQPGE,HLA-A*02:01,1
PLPVSRLVSL,HLA-A*02:01,0
PLTQHYQIL,HLA-A*02:01,1
PLVVAASII,HLA-A*02:01,0
PMGKLTFFV,HLA-A*02:01,0
PMMCYFLTA,HLA-A*02:01,0
PNAPPPPVI,HLA-A*02:01,1
PTGRSICPS,HLA-A*02:01,1
PTIAGAGDV,HLA-A*68:02,0
PTIAGKGTV,HLA-A*68:02,0
PTLDIELLK,HLA-A*11:01,1
PTLDKVLEL,HLA-A*02:01,1
PTLDKVLEV,HLA-A*02:01,1
PTSEIQLTDY,HLA-A*01:01,1
PTTRDVAGL,HLA-A*68:02,0
PTTTTGNAV,HLA-A*68:02,0
PVLMFLLFYV,HLA-A*02:01,0
PVVPNAPPA,HLA-A*02:01,0
PYAVCDKCL,HLA-A*24:02,1
PYIEQGMQL,HLA-A*24:02,1
PYLFWLAAI,HLA-A*23:01,1
PYLFWLAAI,HLA-A*24:02,1
PYLRNYMVI,HLA-A*24:02,0
PYNLRYRVL,HLA-A*24:02,1
QARLTVSGLA,HLA-A*02:01,1
QEEHKETWHY,HLA-B*44:02,1
QEFFWDAND,HLA-A*24:02,1
QEIRTFSFQL,HLA-B*40:02,1
QEIRTFSFQL,HLA-B*44:02,1
QEMENFLGPI,HLA-B*40:02,0
QEPIRLNDF,HLA-B*44:02,0
QIFLEVQAI,HLA-A*02:01,1
QIGGLVGGSV,HLA-A*02:01,1
QIVENFLLV,HLA-A*02:01,1
QLAGYILTV,HLA-A*02:01,0
QLAKLMATL,HLA-A*02:01,0
QLARQQVHV,HLA-A*02:01,1
QLDPARDVL,HLA-A*02:01,1
QLEAIRSLV,HLA-B*08:01,0
QLEELEDEL,HLA-A*02:01,0
QLFEENPINA,HLA-A*02:01,0
QLFKYVPSA,HLA-A*02:01,0
QLFMHTMFIL,HLA-A*02:01,0
QLHDPSGYL,HLA-A*02:01,0
QLIEGMLIA,HLA-A*02:01,1
QLIPCMDVVL,HLA-A*02:01,1
QLLDGFMITL,HLA-A*02:01,1
QLLDQVEQI,HLA-A*02:01,1
QLLDVKLAL,HLA-A*02:01,0
QLLKLNVPA,HLA-A*02:01,1
QLLNSVLTL,HLA-A*02:01,1
QLLQHYREV,HLA-A*02:01,1
QLLSSSKYT,HLA-A*02:01,1
QLLVSLWGL,HLA-A*02:01,1
QLNDYEQLL,HLA-A*02:01,0
QLNKKIYQI,HLA-A*02:01,1
QLPEEKQPL,HLA-A*02:01,0
QLPLESDAV,HLA-A*02:01,0
QLPPAATQTL,HLA-A*02:01,1
QLRRHIDLLV,HLA-A*02:01,1
QLRSLGLNAV,HLA-A*02:01,1
QLRTLGLNAV,HLA-A*02:01,1
QLSDVIDRL,HLA-A*02:01,0
QLSEYQTSV,HLA-A*02:01,0
QLSGLGINAV,HLA-A*02:01,1
QLSTRGVQI,HLA-A*02:01,1
QLTSLGLNAV,HLA-A*02:01,1
QLVGRVFAGL,HLA-A*02:01,0
QLVQSGAEV,HLA-A*02:01,1
QLVWENFLA,HLA-A*02:01,0
QLYPEWTEA,HLA-A*02:01,0
QMDYSNGLFV,HLA-A*02:01,1
QMIYSAARV,HLA-A*02:01,1
QMSCTDAACI,HLA-A*02:01,0
QMVNTVLITV,HLA-A*02:01,0
QNSCRVDEY,HLA-A*01:01,0
QPESNILDI,HLA-B*53:01,1
QPEWFRNVL,HLA-B*07:02,1
QPLTFALQL,HLA-A*02:01,0
QPNLRVSTV,HLA-B*08:01,1
QPVRIDNPV,HLA-B*07:02,1
QQYNKPLCDL,HLA-A*02:01,1
QSDTVFDYY,HLA-A*01:01,1
QSSFYSDWY,HLA-A*01:01,1
QTDNQLAVF,HLA-A*01:01,1
QTSAIGILPV,HLA-A*02:01,1
QTSVFSATVY,HLA-A*01:01,0
QTTPYNFIAK,HLA-A*11:01,1
QVFPGLLERV,HLA-A*02:01,1
QVHSSLSVV,HLA-A*02:01,0
QVILCPTSV,HLA-A*02:01,1
QVWEATATV,HLA-A*02:01,0
QYDPVAALF,HLA-A*01:01,1
QYDPVAALF,HLA-A*02:01,1
QYDPVAALF,HLA-A*24:02,1
QYIFTGQPL,HLA-A*24:02,1
QYIYMGQPL,HLA-A*24:02,1
QYMFYKIFF,HLA-A*24:02,0
QYVGPLTVN,HLA-A*24:02,1
QYVKVYLESF,HLA-A*24:02,1
RAIEAQQHM,HLA-C*12:02,1
RAKAVRALK,HLA-A*02:01,0
RALAETSYV,HLA-A*02:01,1
RALSLAAVL,HLA-A*02:01,0
RAVWTIIFIV,HLA-A*02:01,0
RAYSDLFFT,HLA-A*02:01,0
RCPEMISVL,HLA-C*01:02,1
REANLSHYV,HLA-A*02:01,1
REMHHLVEF,HLA-B*18:01,0
RFIAQLLLL,HLA-A*02:01,1
RFLEFEALGF,HLA-A*24:02,1
RFPLTFGWCF,HLA-A*24:02,1
RGIIKTFSNG,HLA-A*02:02,0
RGPGRAFVTI,HLA-A*02:01,1
RGTPMVITV,HLA-A*02:01,1
RIFVRVYNV,HLA-A*02:01,0
RIIYIIRFL,HLA-A*02:01,1
RILGVLVHL,HLA-A*02:01,1
RILPYTFKI,HLA-A*02:01,0
RINAILATA,HLA-A*02:01,1
RIRDGLQYGW,HLA-A*32:01,1
RIWSWLLGA,HLA-A*02:01,0
RIYSDPLALK,HLA-A*11:01,1
RKYTSFPWLL,HLA-A*24:02,1
RLAALAIAA,HLA-A*02:01,0
RLAAMFFCAV,HLA-A*02:01,0
RLAGFLAGL,HLA-A*02:01,1
RLARAIIEL,HLA-A*02:01,0
RLARLALVL,HLA-A*02:01,1
RLDDDGNFQL,HLA-A*02:01,0
RLEARIAQL,HLA-A*02:01,0
RLENLIAQL,HLA-A*02:01,0
RLERKWLDV,HLA-A*02:01,1
RLFFKCIYRR,HLA-A*11:01,1
RLFGEAPREL,HLA-A*02:01,1
RLFIDILLFV,HLA-A*02:01,0
RLFLLRWEQ,HLA-A*02:01,0
RLFSYNFTT,HLA-A*02:01,0
RLGAVILFV,HLA-A*02:01,1
RLGPYLEFL,HLA-A*02:01,1
RLHDLVFPL,HLA-A*02:01,1
RLHLWLSDM,HLA-A*02:01,0
RLIDFLKDV,HLA-A*02:01,0
RLIGHISTL,HLA-A*02:01,1
RLIKHYPGI,HLA-A*02:01,1
RLIPFAAPPK,HLA-A*11:01,1
RLIQNSITI,HLA-A*02:01,1
RLITVNPIV,HLA-A*02:01,1
RLKDYQHFV,HLA-A*02:01,0
RLLCALTSL,HLA-A*02:01,0
RLLDLFGPEV,HLA-A*02:01,0
RLLEAFQFV,HLA-A*02:01,0
RLLGFADTV,HLA-A*02:01,1
RLLPSLLLLL,HLA-A*02:01,1
RLLYPDYQI,HLA-A*02:01,0
RLMKQDFSV,HLA-A*02:01,0
RLMRTNFLI,HLA-A*02:01,1
RLMVAVEEA,HLA-A*02:01,1
RLNDFLGLL,HLA-A*02:01,0
RLNELLAYV,HLA-A*02:01,1
RLNEVAKNL,HLA-A*02:01,1
RLNTVLATA,HLA-A*02:01,1
RLPLVLPAV,HLA-A*02:01,1
RLPRIFCSC,HLA-A*02:01,0
RLQGISPKI,HLA-A*02:01,1
RLRSSVPGV,HLA-A*02:01,0
RLSDFSEQL,HLA-A*02:01,1
RLSLTALSA,HLA-A*02:01,1
RLSRKLINGI,HLA-A*02:01,0
RLSSPNLIY,HLA-A*01:01,0
RLTEELNTI,HLA-A*02:01,0
RLVCTLLNA,HLA-A*02:01,0
RLVDDFLLV,HLA-A*02:01,0
RLVPYLEFL,HLA-A*02:01,1
RLWHYPCTI,HLA-A*02:01,1
RLWHYPCTV,HLA-A*02:01,0
RLYDLTRYA,HLA-A*02:01,0
RLYDYFTRV,HLA-A*02:01,0
RLYKTLGQL,HLA-A*02:01,1
RLYLASIVYL,HLA-A*02:01,0
RMAMTDTTPF,HLA-A*32:01,0
RMAMTDTTPF,HLA-B*15:01,0
RMFPNAPYL,HLA-A*02:01,1
RMFRWLVLRI,HLA-A*02:01,0
RMGKTVLYY,HLA-A*01:01,0
RMHITAFFTI,HLA-A*02:01,0
RMIAISAKV,HLA-A*02:01,0
RMILMTHFF,HLA-A*24:02,1
RMLASAGEL,HLA-A*02:01,0
RMLGDVMAV,HLA-A*02:01,1
RMLPHAPGV,HLA-A*02:01,1
RMMEYGTTMV,HLA-A*02:01,1
RMNYYWTLLK,HLA-A*11:01,0
RMPEAAPPV,HLA-A*02:01,0
RMPVYILLT,HLA-A*02:01,0
RMQKEITAL,HLA-A*02:01,0
RMSKGVFKV,HLA-A*02:01,1
RMTENIVEV,HLA-A*02:01,1
RMWDFDIFL,HLA-A*02:01,1
RMYVGGVEHR,HLA-A*11:01,0
RPAADGKTV,HLA-B*07:02,1
RPAEPVPFQL,HLA-B*07:02,1
RPAEPVPLQL,HLA-B*07:02,1
RPAPGGKAY,HLA-B*07:02,0
RPAPGGKAYM,HLA-B*07:02,1
RPASAWTLY,HLA-B*07:02,1
RPASAWTLYA,HLA-B*07:02,1
RPHERNGFTV,HLA-B*07:02,1
RPIDDRFGL,HLA-B*07:02,1
RPIDDRFGL,HLA-B*35:03,0
RPIDDRFGLA,HLA-B*07:02,1
RPINGISYDM,HLA-B*07:02,0
RPKIKTNDI,HLA-B*07:02,0
RPMSLRSTII,HLA-B*07:02,1
RPMTYKAAF,HLA-B*07:02,1
RPMTYKGAL,HLA-B*07:02,1
RPMTYKGAV,HLA-B*07:02,1
RPNQHHTIDL,HLA-B*07:02,0
RPPITQSSL,HLA-B*07:02,1
RPQKRPSCI,HLA-B*07:02,1
RPRDKSILTL,HLA-B*07:02,0
RPRFLSQNM,HLA-B*07:02,0
RPRGEVRFL,HLA-B*07:02,1
RPRKTHESHL,HLA-B*07:02,1
RPRLCTREEF,HLA-B*07:02,1
RPRLDSITY,HLA-B*35:01,1
RPRMCSREEF,HLA-B*07:02,1
RPRVCTKEEF,HLA-B*07:02,1
RPRVTKQYIV,HLA-B*07:02,0
RPSPIGYLGL,HLA-B*07:06,1
RPSPIGYLGL,HLA-B*81:01,1
RPSTRNFFEL,HLA-B*07:02,1
RPTELQPTP,HLA-B*55:01,1
RPTEPVPLPL,HLA-B*07:02,1
RPTERPRAPA,HLA-B*07:02,1
RPTPKGTVM,HLA-B*07:02,1
RPTPRGTVM,HLA-B*07:02,1
RPTRSVYNF,HLA-B*07:02,0
RQFGPDWIVA,HLA-A*02:01,1
RQFPPNTSR,HLA-A*11:01,0
RQIFIHYSV,HLA-A*02:01,0
RQKKIRIQL,HLA-A*02:01,0
RQMEGEGVFK,HLA-A*11:01,0
RQWAQDLTL,HLA-B*27:05,0
RQWGPDPAAV,HLA-A*02:01,1
RQYDPVAAL,HLA-A*02:01,1
RQYDPVAAL,HLA-A*30:01,1
RQYDPVAAL,HLA-B*07:02,1
RRFLPQILA,HLA-B*27:05,0
RRIYDLIEL,HLA-B*27:04,1
RRLRTLVLA,HLA-B*27:05,0
RRLVVTLQC,HLA-B*27:05,1
RRMRRPTGK,HLA-B*27:05,0
RRRKALENKK,HLA-B*27:05,1
RRRLRTLVL,HLA-B*27:05,0
RRRWHRWRL,HLA-B*27:05,1
RRRWRRLTV,HLA-B*27:06,1
RSCTLPPLRY,HLA-A*01:01,1
RSCTMPPVSF,HLA-A*32:01,0
RSFVYVWKT,HLA-A*02:01,0
RSLFNTIAVL,HLA-A*02:01,1
RSLFNTVATL,HLA-A*02:01,1
RSLYNTVATL,HLA-A*02:01,1
RSLYNTVAVL,HLA-A*02:01,1
RSSLGSLLY,HLA-A*01:01,1
RTEDFSLDL,HLA-A*68:02,0
RTIHHASAPL,HLA-B*15:03,1
RTLAEIAKV,HLA-B*57:01,1
RTLDKVLEV,HLA-A*02:01,1
RTLEDLLMGT,HLA-A*02:01,1
RTLLGLILFV,HLA-A*02:01,0
RTLNAWVKV,HLA-A*02:01,0
RTWHYCGSY,HLA-A*32:01,0
RTYWIIIEL,HLA-A*02:01,0
RVCCQLDPAR,HLA-A*11:01,0
RVCEKMALY,HLA-A*03:01,0
RVDGLELKK,HLA-A*11:01,0
RVFGLLLLGL,HLA-A*02:01,0
RVHFASPLH,HLA-A*03:01,0
RVHFASPLH,HLA-A*11:01,0
RVIDPRRCL,HLA-B*07:02,1
RVIDPRRCLK,HLA-A*03:01,1
RVIGMPPPV,HLA-A*02:01,1
RVKEKYQHLW,HLA-B*57:01,0
RVKLSALTL,HLA-B*07:02,1
RVKLSALTLK,HLA-A*11:01,0
RVLDCRTAF,HLA-B*07:02,0
RVLDTVEKW,HLA-A*32:01,1
RVLEDGVNYA,HLA-A*02:01,1
RVLSFIKGTK,HLA-A*03:01,1
RVLTGWGLN,HLA-A*02:01,1
RVLTGWGLN,HLA-A*02:06,0
RVLYIHPDL,HLA-A*68:02,0
RVRFFFPSL,HLA-B*07:02,1
RVSRPTTVV,HLA-A*02:01,0
RVTGGVFLV,HLA-A*02:01,1
RWCSTSNHI,HLA-A*24:02,0
RYCCYYCLTL,HLA-A*24:02,1
RYCNLEGPPI,HLA-A*24:02,1
RYMGEDGCW,HLA-A*24:02,1
RYMGEDGCWY,HLA-A*24:02,1
RYMSSEPII,HLA-A*24:02,0
RYPLTFGWCF,HLA-A*24:02,1
RYPRYLYKL,HLA-A*24:02,0
RYRHYKISL,HLA-A*24:02,0
RYRQRLISL,HLA-A*24:02,0
RYTRRISLF,HLA-A*24:02,0
RYVFFEIIHF,HLA-A*24:02,0
RYYVGHKAKF,HLA-A*24:02,1
SADNNNSEY,HLA-A*01:01,1
SAFGNHASTV,HLA-A*02:01,0
SAFTITDQV,HLA-A*02:01,0
SANDPIFLL,HLA-A*02:01,0
SAPLPSNRV,HLA-A*02:01,1
SASLVTVAV,HLA-A*02:01,1
SAWISKPPGV,HLA-A*02:01,0
SCSSCPLSK,HLA-A*11:01,1
SDNEIHNPAV,HLA-A*02:01,1
SDVYRPINEH,HLA-B*44:02,1
SEEPSPYQQY,HLA-A*01:01,1
SEHPTFTSQY,HLA-A*01:01,1
SENDRLRLL,HLA-B*40:02,1
SEQAAEAMEV,HLA-B*18:01,1
SEQAAEAMEV,HLA-B*44:02,1
SEVSNVQRI,HLA-B*44:02,1
SFCGSPYSW,HLA-A*24:02,1
SFHSLHLLF,HLA-A*02:01,1
SFHSLHLLF,HLA-A*24:02,1
SFLFVEALF,HLA-A*24:02,1
SFLLSHGLI,HLA-A*24:02,1
SFQTFHEYI,HLA-A*24:02,0
SFSFGGFTFK,HLA-A*68:01,1
SFVYVPSAL,HLA-A*24:02,1
SFYEDIAEF,HLA-A*24:02,0
SGDGLVATG,HLA-A*02:01,1
SGYLAEADL,HLA-A*02:01,0
SHLVEALYLV,HLA-A*02:01,1
SIDCYLLAI,HLA-A*02:01,1
SIDQLCKTF,HLA-A*02:01,1
SIFGFQAEV,HLA-A*02:01,0
SIGTGRAML,HLA-A*02:01,0
SIHVTVSNV,HLA-A*02:01,0
SIIIPTLNV,HLA-A*02:01,1
SIILEFFLMV,HLA-A*02:01,1
SIIPSGPLK,HLA-A*11:01,1
SILEDPPSI,HLA-A*02:01,1
SILQNVHATL,HLA-A*02:01,0
SILSSFFSL,HLA-A*02:01,0
SIMAFILGI,HLA-A*02:01,0
SIMDFIGPYI,HLA-A*02:01,0
SIMSTESIT,HLA-A*02:01,0
SITEVECFL,HLA-A*02:01,1
SIVAYTMSL,HLA-A*02:01,1
SIVCIVAAV,HLA-A*02:01,0
SIVSPFIPLL,HLA-A*02:01,1
SLAAIWILL,HLA-A*02:01,0
SLAAYIPRL,HLA-A*02:01,1
SLADTNSLA,HLA-A*02:01,0
SLAGGIIGV,HLA-A*02:01,0
SLAPLSPRA,HLA-A*02:01,1
SLAPLSPRV,HLA-A*02:01,1
SLAQYNPKL,HLA-A*02:01,1
SLASSSASQ,HLA-A*03:01,0
SLAVVSTQL,HLA-A*02:01,1
SLCPIRGWAI,HLA-A*02:01,1
SLDLAEQEL,HLA-A*02:01,1
SLDSLVHLL,HLA-A*02:01,0
SLDVINYLI,HLA-A*02:01,0
SLEAGLPLQV,HLA-A*02:01,0
SLEEEIRFL,HLA-A*02:01,0
SLFGQRIEV,HLA-A*02:01,1
SLFLGILSV,HLA-A*02:01,1
SLFNTIATL,HLA-A*02:01,1
SLFNTIATLY,HLA-A*02:01,1
SLFNTIAVL,HLA-A*02:01,1
SLFNTIAVLY,HLA-A*02:01,1
SLFNTVAVL,HLA-A*02:01,1
SLFNTVAVLY,HLA-A*02:01,1
SLFNTVVTL,HLA-A*02:01,1
SLFPEFSEL,HLA-A*02:01,0
SLFSLLLVI,HLA-A*02:01,0
SLFWNEPAI,HLA-A*02:01,1
SLGEQQYSV,HLA-A*02:01,1
SLGGLLTMA,HLA-A*02:01,1
SLGGLLTMV,HLA-A*02:01,1
SLGLVILLVL,HLA-A*02:01,1
SLGLVILLVL,HLA-A*02:05,1
SLGPLLDGT,HLA-A*02:01,0
SLHEHIANLA,HLA-A*02:01,0
SLHLLFEEY,HLA-B*15:01,1
SLIDLLHKI,HLA-A*02:01,1
SLIGSKTQI,HLA-A*02:01,0
SLILVSQYT,HLA-A*02:01,1
SLISGMWLL,HLA-A*02:01,1
SLITSGLFI,HLA-A*02:01,0
SLIYYQNEV,HLA-A*02:01,0
SLKDVLVSV,HLA-A*02:01,1
SLKRTGHGV,HLA-A*02:01,0
SLLEQAIAL,HLA-A*02:01,1
SLLERGQQL,HLA-A*02:01,0
SLLFIPDIKL,HLA-A*02:01,1
SLLFKTEDGV,HLA-A*02:01,1
SLLGLALLAV,HLA-A*02:01,1
SLLGQLSGQV,HLA-A*02:01,1
SLLKSLLLL,HLA-A*02:01,0
SLLMWITQA,HLA-A*02:01,1
SLLMWITQC,HLA-A*02:01,1
SLLVIWILI,HLA-A*02:01,0
SLLVIWILIV,HLA-A*02:01,0
SLLWMNLFV,HLA-A*02:01,1
SLLWMNPFV,HLA-A*02:01,1
SLLYLILFL,HLA-A*02:01,0
SLLYLILFLL,HLA-A*02:01,0
SLMAFTAAV,HLA-A*02:01,1
SLMDLLSSL,HLA-A*02:01,1
SLMSGVEPL,HLA-A*02:01,1
SLMSWSAIL,HLA-A*02:01,1
SLNFLGGAPK,HLA-A*11:01,0
SLNFLGGTTV,HLA-A*02:01,0
SLNLRETNL,HLA-A*02:01,0
SLPDIFYNFI,HLA-A*02:01,0
SLPITVYYA,HLA-A*02:01,1
SLPMLYFLYV,HLA-A*02:01,0
SLQDIEITCV,HLA-A*02:01,1
SLQDVPLAAL,HLA-A*02:01,1
SLQEKVAKA,HLA-A*02:01,1
SLQQEITLL,HLA-A*02:01,1
SLRILYMTL,HLA-A*32:01,1
SLRNWIATL,HLA-A*02:01,1
SLSAYIIRV,HLA-A*02:01,1
SLSIFFIVV,HLA-A*02:01,0
SLSLHPLYV,HLA-A*02:01,0
SLSPLQAEL,HLA-A*02:01,1
SLSRFSWGA,HLA-A*02:01,1
SLSSQLSNL,HLA-A*02:01,0
SLSTFQQMWI,HLA-A*02:01,0
SLTALSAGV,HLA-A*02:01,1
SLTECPTFL,HLA-A*02:01,1
SLTIQMESPV,HLA-A*02:01,0
SLTITQLLK,HLA-A*03:01,0
SLTQYESGS,HLA-A*02:01,0
SLVALGINAV,HLA-A*02:01,1
SLVDQLPSL,HLA-A*02:01,0
SLVEDVPVA,HLA-A*02:01,1
SLVEELKKV,HLA-A*02:01,1
SLVENNFFT,HLA-A*02:01,0
SLVIVTTFV,HLA-A*02:01,1
SLVNGVVRL,HLA-A*02:01,1
SLVTVAVPA,HLA-A*02:01,0
SLVYVNGVVV,HLA-A*02:01,0
SLWGGDVVL,HLA-A*02:01,1
SLWGIRWYI,HLA-A*02:01,0
SLWKDGAPL,HLA-A*02:01,1
SLYADSPSV,HLA-A*02:01,0
SLYFGGICV,HLA-A*02:01,1
SLYHVYEVNL,HLA-A*02:01,1
SLYKGVYEL,HLA-A*02:01,1
SLYNLVKSSV,HLA-A*02:01,1
SLYNTAATL,HLA-A*02:01,1
SLYNTIAIL,HLA-A*02:01,1
SLYNTIAVL,HLA-A*02:01,1
SLYNTIAVLY,HLA-A*02:01,1
SLYNTITVL,HLA-A*02:01,1
SLYNTVAAL,HLA-A*02:01,1
SLYNTVATLY,HLA-A*02:01,1
SLYNTVVTL,HLA-A*02:01,1
SLYQTVATL,HLA-A*02:01,1
SLYSFPEPEA,HLA-A*02:01,0
SLYVKGEPII,HLA-A*02:02,0
SMAGIGIVDV,HLA-A*02:01,1
SMAGNWAKV,HLA-A*02:01,0
SMAGSSAMI,HLA-A*02:01,1
SMHFYGWSL,HLA-A*02:01,1
SMIGLCACV,HLA-A*02:01,0
SMIGLCACVV,HLA-A*02:01,0
SMKYLMLLFA,HLA-A*02:01,0
SMLENVMLT,HLA-A*02:01,1
SMLGIWFFT,HLA-A*02:01,0
SMLTDPSHI,HLA-A*24:02,1
SMMPEAMTI,HLA-A*32:01,0
SMQKTIPLV,HLA-A*02:01,1
SMSMILVGV,HLA-A*02:01,1
SMTSPSPVT,HLA-A*02:01,0
SPAANAPDA,HLA-B*07:02,1
SPAHLINKL,HLA-B*07:02,0
SPASSRTDL,HLA-B*07:02,1
SPDSIEGQL,HLA-B*07:02,0
SPGKFWNTTI,HLA-B*07:02,1
SPGSGFWSF,HLA-B*07:02,1
SPIINREGKV,HLA-B*07:02,1
SPKERLPYI,HLA-B*07:02,0
SPKGISRMSM,HLA-B*07:02,1
SPKHTNSKL,HLA-B*07:02,0
SPLLSGQQV,HLA-A*02:01,0
SPMGKLTFF,HLA-B*07:02,0
SPRERLVLTL,HLA-B*07:02,1
SPRLCTREEF,HLA-B*07:02,1
SPRPEMQEF,HLA-B*07:02,0
SPSLRILAI,HLA-B*07:02,0
SPSPTVEESR,HLA-B*07:02,1
SPVISPLSI,HLA-B*07:02,0
SPVIVNGAM,HLA-B*07:02,0
SPVNIFKLA,HLA-B*07:02,0
SPVNKSFEI,HLA-B*07:02,1
SPYRSSKVI,HLA-B*07:02,0
SPYTINCLL,HLA-B*07:02,0
SPYYRNSVA,HLA-B*07:02,0
SQDLSFIYRK,HLA-A*11:01,1
SQFTCSLAV,HLA-A*02:01,0
SQFVFSFPV,HLA-A*02:01,0
SQIIDISLR,HLA-A*11:01,1
SQKRSFVYV,HLA-A*02:01,0
SQLAHLVYV,HLA-A*02:01,1
SQSDTVFDY,HLA-A*01:01,1
SQSPRRRRSK,HLA-A*11:01,0
SQSSGILSR,HLA-A*11:01,0
SQVDARLFSV,HLA-A*02:01,0
SQVWGGQPV,HLA-A*02:01,0
SRAKAVRAL,HLA-A*02:01,0
SRLTYQWHK,HLA-B*27:05,0
SRNSTHEMY,HLA-A*02:01,1
SRYWAIRTR,HLA-A*02:01,1
SRYWAIRTR,HLA-B*27:09,1
SSADVEFCL,HLA-A*02:01,1
SSAYVFSVK,HLA-A*11:01,1
SSCSSCPLS,HLA-A*11:01,1
SSCSSCPLSK,HLA-A*11:01,1
SSDDLNYIYY,HLA-A*01:01,0
SSMKVNVNGV,HLA-A*02:01,1
SSNIMSESY,HLA-A*01:01,1
SSTSRNINY,HLA-A*11:01,0
SSWEDVPYL,HLA-A*02:01,1
STELNYNHLY,HLA-A*01:01,1
STFGMLYFA,HLA-A*02:01,0
STFWPCLLR,HLA-A*11:01,1
STHCSGPSV,HLA-A*02:01,0
STLDIMALI,HLA-A*02:01,0
STLIVTIYV,HLA-A*02:01,0
STMERWGQKY,HLA-A*01:01,1
STNVRSGMK,HLA-A*11:01,1
STSRVPYDI,HLA-A*02:01,0
STTSMGPCK,HLA-A*11:01,0
SVAGTQEVFV,HLA-A*02:01,0
SVFRENLFL,HLA-A*02:01,1
SVGSVLLTV,HLA-A*02:01,1
SVHSLHIWSL,HLA-A*02:01,1
SVIDCNTCV,HLA-A*02:01,1
SVIWMMWYW,HLA-B*58:01,1
SVLENFTIFL,HLA-A*02:01,1
SVLENFTILL,HLA-A*02:01,1
SVLLVLTLK,HLA-A*11:01,1
SVLWLGALGL,HLA-A*02:01,1
SVPAEILRR,HLA-A*03:01,0
SVPLNQCNWL,HLA-A*02:01,0
SVQPTFSVQR,HLA-A*11:01,1
SVRDRLARL,HLA-A*02:01,1
SVYDFFVWL,HLA-A*02:01,1
SVYNTVATL,HLA-A*02:01,1
SVYPYDEFV,HLA-A*02:01,1
SVYVDAKLV,HLA-A*02:01,0
SWLLGAAMV,HLA-A*02:01,0
SWLSLLVPF,HLA-A*24:02,1
SWPDGAELPF,HLA-A*24:02,1
SWWTSLNFL,HLA-A*24:02,1
SYAQMWTLMY,HLA-A*01:01,1
SYDDLITYF,HLA-A*24:02,0
SYKDINESM,HLA-A*24:02,0
SYKTLREFF,HLA-A*24:02,1
SYNEHWNYL,HLA-A*02:01,1
SYNISIIVLF,HLA-A*24:02,0
SYQSFLFWFL,HLA-A*24:02,0
SYSMCTGKF,HLA-A*23:01,1
SYTIYKISI,HLA-A*24:02,0
SYTWTGALI,HLA-A*24:02,1
TAMDIFVTV,HLA-A*02:01,1
TAMDLFVTV,HLA-A*02:01,1
TDAEACYIY,HLA-A*01:01,0
TELYDCIFL,HLA-B*44:02,0
TEQELPQSQ,HLA-A*02:01,0
TESWIVDRQW,HLA-B*44:02,1
TFAIIAIVF,HLA-A*24:02,0
TFFKFLADK,HLA-A*11:01,1
TFLKIIPML,HLA-A*02:01,0
TFPIDHAVI,HLA-A*24:02,0
TGQNNNSNF,HLA-A*01:01,1
TGSPITYSTY,HLA-A*02:01,1
TIAGGVCYY,HLA-A*01:01,0
TIALKHSGY,HLA-A*01:01,0
TIDQLCKTF,HLA-A*02:01,1
TIFSTIIFV,HLA-A*02:01,0
TIHDIILEC,HLA-B*48:01,1
TIMGVIFLI,HLA-A*02:01,0
TINAVASRK,HLA-A*11:01,0
TIPEALAAV,HLA-A*02:01,1
TITPWNFEEV,HLA-A*02:01,0
TIWAANAGV,HLA-A*02:01,0
TKWTDIPYL,HLA-A*02:01,1
TLAAGLLDL,HLA-A*02:01,0
TLAARIKFL,HLA-A*02:01,0
TLACFAVYT,HLA-A*02:01,1
TLAGKGISVV,HLA-A*02:01,1
TLALEVAQQK,HLA-A*11:01,0
TLANFLCLLM,HLA-A*02:01,0
TLAPQVEPL,HLA-A*02:01,1
TLARGFPFV,HLA-A*02:01,1
TLDEMRHFY,HLA-A*01:01,1
TLDEMRHFYK,HLA-A*01:01,1
TLDSQVMSL,HLA-A*02:01,0
TLDTKPLSV,HLA-A*02:01,1
TLEEFSAKL,HLA-A*02:01,1
TLEGFASPL,HLA-A*02:01,1
TLFDDELYSI,HLA-A*02:01,0
TLFLLFLEI,HLA-A*02:01,0
TLFPGDDDL,HLA-A*02:01,1
TLFTIVGTV,HLA-A*02:01,1
TLFTMVGTV,HLA-A*02:01,1
TLGFGAYMSK,HLA-A*03:01,0
TLGIVCPIC,HLA-A*02:01,1
TLGQHLPTL,HLA-A*02:01,0
TLGQHLPTL,HLA-A*02:06,0
TLHEYMLDL,HLA-A*02:01,1
TLHEYMLDV,HLA-A*02:01,1
TLIDIWFLA,HLA-A*02:01,0
TLIGNFAAHL,HLA-A*02:01,1
TLIHQSITGL,HLA-A*02:01,0
TLISRALVV,HLA-A*02:01,0
TLIVNLVEV,HLA-A*02:01,1
TLKKYFIPV,HLA-A*02:01,1
TLLANVTAV,HLA-A*02:01,1
TLLCVLPAV,HLA-A*02:01,0
TLLDALGML,HLA-A*02:01,1
TLLEFVFKL,HLA-A*02:01,1
TLLELVVSV,HLA-A*02:01,1
TLLFFLALSI,HLA-A*02:01,0
TLLGDGIVV,HLA-A*02:01,0
TLLRKHTLK,HLA-A*11:01,1
TLLTIDGGI,HLA-A*02:01,1
TLLYATVEV,HLA-A*02:01,1
TLLYVLFEV,HLA-A*02:01,1
TLNAWVKVV,HLA-A*02:01,1
TLQDVSLEV,HLA-A*02:01,1
TLQPVERVL,HLA-A*02:01,1
TLRGLFFSV,HLA-A*02:01,1
TLRLVKRQV,HLA-A*02:01,0
TLRNTNPNFV,HLA-A*02:01,0
TLSKPSPMPV,HLA-A*02:01,1
TLTAAVLLLV,HLA-A*02:01,1
TLVDVRAIK,HLA-A*03:01,1
TLWCSPIKV,HLA-A*02:01,1
TLWKAGILYK,HLA-A*03:01,0
TLWKAGILYK,HLA-A*11:01,0
TLWVDPYEV,HLA-A*02:01,1
TLYAVATTI,HLA-A*02:01,1
TMFKIVYSL,HLA-A*02:01,0
TMHSLTIQM,HLA-A*02:01,0
TMKMMVHIY,HLA-A*01:01,0
TMLMFIFTGI,HLA-A*02:01,0
TMSFSHLFYL,HLA-A*02:01,1
TMTDDIGMGV,HLA-A*02:01,1
TMYGGISLL,HLA-A*02:01,0
TPARVTGGV,HLA-B*07:02,1
TPARVTGGVF,HLA-B*35:01,1
TPARVTGGVF,HLA-B*51:01,1
TPEGIIPAL,HLA-B*07:02,1
TPEGIIPSM,HLA-B*07:02,1
TPEGIIPSMF,HLA-B*07:02,1
TPEGIIPSMF,HLA-B*53:01,1
TPEGIIPTLF,HLA-B*07:02,1
TPGPGIRYPL,HLA-B*07:02,1
TPGPGTRFPL,HLA-B*07:02,1
TPGPGVRWPL,HLA-B*07:02,1
TPGPGVRYPL,HLA-B*07:02,1
TPIARPLYT,HLA-B*07:02,0
TPKGAVMDII,HLA-B*07:02,1
TPPGSRDPF,HLA-B*07:02,1
TPRGTVMDII,HLA-B*07:02,1
TPRVTGGGA,HLA-A*02:01,1
TPRVTGGGAM,HLA-A*02:01,1
TPRVTGGGAM,HLA-B*07:02,1
TPRYIPSTSI,HLA-B*07:02,0
TPRYTGGGAM,HLA-B*07:02,1
TPSFPHIHLK,HLA-A*11:01,0
TPTLHEYML,HLA-B*07:02,1
TQIQTRRSF,HLA-B*15:01,1
TQKCEIFNV,HLA-A*02:01,1
TQLMPFGCLL,HLA-A*02:01,1
TQLMPFGSLL,HLA-A*02:01,1
TSCPPICPGY,HLA-A*11:01,0
TSDACMMTMY,HLA-A*01:01,1
TSIGRRMILY,HLA-A*01:01,0
TSIPLAYFFK,HLA-A*03:01,1
TSIRLNAIY,HLA-A*01:01,0
TSKGHSSSR,HLA-A*11:01,0
TSTLQEQIDW,HLA-B*57:01,1
TTAIDPVRY,HLA-A*01:01,0
TTDKSGAPTY,HLA-A*01:01,1
TTGDPPFPG,HLA-A*02:01,1
TTINYTLWR,HLA-A*11:01,1
TTLITNLSSV,HLA-A*02:01,1
TTSNVSVAK,HLA-A*11:01,1
TTWEDVPYL,HLA-A*02:01,1
TVADVRHCL,HLA-B*07:02,1
TVARHLLGAK,HLA-A*03:01,1
TVINASRFK,HLA-A*11:01,1
TVMDIISRR,HLA-A*11:01,0
TVQEFIFSA,HLA-A*02:01,0
TVVQQQTIAS,HLA-A*68:02,1
TVYHGAGTK,HLA-A*03:01,0
TVYYGVPAGR,HLA-A*03:01,1
TYFNLGNKF,HLA-A*24:02,1
TYGPVFMSL,HLA-A*24:02,1
TYGWNLVKL,HLA-A*24:02,1
TYIDHIVNI,HLA-A*24:02,0
TYLGIDLGF,HLA-A*24:02,1
TYLPSAWNF,HLA-A*24:02,1
TYNIGKLFTI,HLA-A*24:02,0
TYQAWQAQW,HLA-A*24:02,1
TYRIIKSSF,HLA-A*24:02,0
TYSAGIVQI,HLA-A*24:02,1
TYSTYGKFL,HLA-A*24:02,1
TYTSISVVF,HLA-A*24:02,0
TYVYDHLTPL,HLA-B*40:06,1
VAALFFFDI,HLA-A*02:01,1
VAALFFFDI,HLA-A*24:02,1
VADAVIHAS,HLA-A*02:01,1
VAGALVAFK,HLA-A*11:01,0
VALKLQVFL,HLA-A*02:01,1
VAMSLTVGA,HLA-A*02:01,0
VANNTRLWV,HLA-A*30:02,0
VASAQIHLY,HLA-A*01:01,0
VAVHVASGY,HLA-C*12:02,0
VAVNGPVAV,HLA-A*02:01,0
VCDKCLKFY,HLA-A*01:01,1
VCGERGFFYT,HLA-A*02:01,1
VDSIFEQWL,HLA-A*02:01,0
VEFEPPHAA,HLA-B*50:01,1
VFADATPTGW,HLA-A*24:02,1
VFEACVTMI,HLA-A*24:02,0
VFFNILGGWV,HLA-A*02:01,1
VFWAKHMWNF,HLA-A*24:02,1
VIDLDPIPY,HLA-A*01:01,1
VIFDFLHCI,HLA-A*02:01,1
VIFVCVILI,HLA-A*02:01,0
VIGDQYVKV,HLA-A*02:01,1
VIGLIVILFI,HLA-A*02:01,0
VIGQCIYTI,HLA-A*02:01,1
VIHASGKQM,HLA-A*26:01,1
VIHDYICWL,HLA-A*02:01,0
VIIKPLVWV,HLA-A*02:01,1
VILGVLLLI,HLA-A*02:01,0
VIMEYHLLFA,HLA-A*02:01,0
VIMPCSWWV,HLA-A*02:01,1
VISTAPVQM,HLA-A*02:01,0
VISVIFYFI,HLA-A*02:01,0
VITSLGAIVS,HLA-A*02:02,0
VIVIYIFTV,HLA-A*02:01,0
VIVMLTPLV,HLA-A*02:01,1
VIYQYMDDL,HLA-A*02:01,1
VKNPYPISF,HLA-A*02:01,1
VLAALAAYCL,HLA-A*02:01,1
VLADANETL,HLA-A*02:01,0
VLAELVRQI,HLA-A*02:01,0
VLAGLLGNV,HLA-A*02:01,1
VLAGWLFHV,HLA-A*02:01,1
VLAGWLFHV,HLA-A*02:05,0
VLAKDGTEV,HLA-A*02:01,1
VLALYSPPL,HLA-A*02:01,0
VLAPYMPDV,HLA-A*02:01,0
VLASTTAKA,HLA-A*02:01,0
VLAVFIKAV,HLA-A*02:01,1
VLCLRPVGA,HLA-A*02:01,0
VLDCRTAFK,HLA-A*03:01,0
VLDDGIYRI,HLA-A*02:01,1
VLDDHYKTAL,HLA-A*02:01,1
VLDGLDVLL,HLA-A*02:01,0
VLDKVEETV,HLA-A*02:01,1
VLDTTLYAV,HLA-A*02:01,0
VLEDVQAAGI,HLA-A*02:01,1
VLEETSVML,HLA-A*02:01,1
VLENFTIFLV,HLA-A*02:01,1
VLENFTILLV,HLA-A*02:01,1
VLESDIGVK,HLA-A*03:01,0
VLEWRFDSRL,HLA-A*02:01,1
VLFEVFVVFI,HLA-A*02:01,0
VLFGLGFAI,HLA-A*02:01,1
VLFGLMALTL,HLA-A*02:01,1
VLFHRAFLV,HLA-A*02:01,1
VLFLLVIGA,HLA-A*02:01,0
VLGDEVLSL,HLA-A*02:01,0
VLGGPVSGL,HLA-A*02:01,0
VLGIALLYI,HLA-A*02:01,0
VLGPISGHV,HLA-A*02:01,1
VLGPISGHV,HLA-A*02:06,0
VLGWKVSDL,HLA-A*02:01,0
VLHKRTLGL,HLA-A*02:01,1
VLIAGIILLI,HLA-A*02:01,0
VLIEVNPPF,HLA-B*15:01,0
VLILLLLIYL,HLA-A*02:01,0
VLISPVSIL,HLA-A*02:01,1
VLITWLIDYV,HLA-A*02:01,0
VLKDAIKDL,HLA-A*02:03,1
VLKEGSEYRV,HLA-A*02:01,0
VLLDYGLHGL,HLA-A*02:01,0
VLLEKATIL,HLA-A*02:01,0
VLLFCIASL,HLA-A*02:01,0
VLLIDILILL,HLA-A*02:01,0
VLLLVTHYAI,HLA-A*02:01,1
VLLLVVVMM,HLA-A*02:01,0
VLLNAPSEA,HLA-A*02:01,1
VLLNGWRWRL,HLA-A*02:01,1
VLLPSLFLL,HLA-A*02:01,1
VLLPSLFLLL,HLA-A*02:01,1
VLLPVLFGV,HLA-A*02:06,1
VLLPVLFGV,HLA-A*68:02,1
VLLQAGSLHA,HLA-A*02:01,1
VLLQRLHLL,HLA-A*02:01,0
VLLRHSKNV,HLA-A*02:01,1
VLLSPRWEL,HLA-A*02:01,0
VLLVFAICY,HLA-A*02:01,1
VLLVSLGAI,HLA-A*02:01,1
VLMAVVLAS,HLA-A*02:01,0
VLMGGVPGVE,HLA-A*02:01,1
VLNDILSRL,HLA-A*02:01,1
VLNGTVHPV,HLA-A*02:01,1
VLNPFIYTL,HLA-A*02:01,1
VLNPYMPSV,HLA-A*02:01,1
VLNYFEPYL,HLA-A*02:01,1
VLPCSFTTL,HLA-A*24:02,1
VLPSPACQL,HLA-A*02:01,0
VLQAAIPLT,HLA-A*02:01,0
VLQEATICV,HLA-A*02:01,1
VLQQSTYQL,HLA-A*02:01,0
VLQWASLAV,HLA-A*02:01,1
VLRGFLILGK,HLA-A*11:01,1
VLRGFLILGK,HLA-A*68:01,1
VLRKEEEKL,HLA-A*02:01,1
VLSDFKTWL,HLA-A*02:01,0
VLSGTTAAQ,HLA-A*02:01,0
VLSRNILLEL,HLA-A*02:01,1
VLTDGNPPEV,HLA-A*02:01,1
VLTESSVSTA,HLA-A*02:01,1
VLTSESMHV,HLA-A*02:01,1
VLWDIPTPK,HLA-A*03:01,1
VLWDIPTPK,HLA-A*11:01,1
VLYRYGSFS,HLA-A*02:01,0
VLYRYGSFSV,HLA-A*02:01,0
VLYSEQVIEV,HLA-A*02:01,0
VLYSPNVSV,HLA-A*02:01,0
VMACLVPAA,HLA-A*02:01,1
VMASLVWPV,HLA-A*02:01,1
VMATLLPPV,HLA-A*02:01,1
VMFVIRFKF,HLA-A*24:02,0
VMGTTLAEM,HLA-A*02:01,0
VMIIVSSLAV,HLA-A*02:01,1
VMKLFTISV,HLA-A*02:01,0
VMLAAQMFIV,HLA-A*02:01,1
VMLEGEQEE,HLA-A*02:01,1
VMLEMLNYV,HLA-A*02:01,0
VMLFILAGL,HLA-A*02:01,1
VMMSCSSEA,HLA-A*02:01,1
VMNILLQYVV,HLA-A*02:01,1
VMNILLQYW,HLA-A*02:01,1
VMNQVIHGV,HLA-A*02:01,1
VMPFSIVYI,HLA-A*02:01,1
VMPFSIVYIV,HLA-A*02:01,1
VMQGCLEST,HLA-A*02:01,1
VMRQQCCQQL,HLA-B*08:01,0
VMYAFTTPLI,HLA-A*02:01,0
VMYNLWKMK,HLA-A*03:01,1
VNAHWNLPK,HLA-A*11:01,0
VPATGRTLVL,HLA-B*07:02,1
VPCLRKELI,HLA-B*07:02,0
VPDEPEDDQ,HLA-B*53:01,0
VPDYIMEAL,HLA-B*07:02,0
VPFGLVSMM,HLA-B*35:03,0
VPILENLGL,HLA-B*07:02,0
VPILLKALY,HLA-A*02:01,1
VPLTEDAEL,HLA-B*35:01,1
VPLTEDVIF,HLA-B*35:01,1
VPMVTQMAM,HLA-B*07:02,1
VPPEAKMPL,HLA-B*07:02,0
VPQYGYLTL,HLA-B*07:02,1
VPRPDDPVL,HLA-B*07:02,1
VPSMEDLVNL,HLA-B*07:02,1
VQGIESAEI,HLA-A*02:01,0
VQMPTAEST,HLA-A*02:01,0
VQPPQLTQV,HLA-B*46:01,1
VQTIVFIWFI,HLA-A*02:01,0
VQYIKFIFL,HLA-A*02:01,0
VQYLGMFPV,HLA-A*02:01,1
VQYLGMLPV,HLA-A*02:01,1
VSLADTNSL,HLA-A*02:01,0
VSSAVPTSW,HLA-B*57:01,0
VSVNNVCHMY,HLA-A*29:02,1
VSYVNVNMR,HLA-A*11:01,0
VTAACSHAGK,HLA-A*11:01,1
VTEQYGNLEK,HLA-A*03:01,1
VTEQYGNLEK,HLA-A*11:01,1
VTGGVFLVDK,HLA-A*11:01,1
VTLDIVQGI,HLA-A*02:01,0
VTLGYTSGT,HLA-A*02:01,1
VTSTPVQGR,HLA-A*68:01,0
VTYECPLLV,HLA-A*02:01,1
VVAASIIGI,HLA-A*02:01,0
VVAGMLRWV,HLA-A*02:01,1
VVDFSQFSR,HLA-A*11:01,0
VVEGQVDYY,HLA-A*01:01,1
VVEKQSGLY,HLA-A*01:01,1
VVFDITKWLL,HLA-A*02:01,1
VVFEDVKGT,HLA-A*02:01,1
VVFSDMETK,HLA-A*03:01,0
VVFVVFMGV,HLA-A*02:01,1
VVIAAISMYK,HLA-A*03:01,1
VVIAAISMYK,HLA-A*11:01,1
VVLFGLMAL,HLA-A*02:01,1
VVLQAAIPL,HLA-A*02:01,0
VVLSGTTAA,HLA-A*02:01,0
VVLSWAPPV,HLA-A*02:01,1
VVMACLVPAA,HLA-A*02:01,1
VVMTSLALV,HLA-A*02:01,0
VVPEDYWGV,HLA-A*02:01,1
VVSVLTHSV,HLA-A*02:01,1
VVSYVNVNMR,HLA-A*11:01,0
VVWVKITQV,HLA-A*02:01,0
VVYDAKFEK,HLA-A*11:01,1
VWINNSWKF,HLA-A*24:02,1
VYALPLKML,HLA-A*24:02,1
VYFFLPDHL,HLA-A*24:02,1
VYGDTDSVF,HLA-A*24:02,0
VYHGIDSTF,HLA-A*24:02,0
VYKHRLIVLF,HLA-A*24:02,0
VYKLVLLFCI,HLA-A*24:02,0
VYMDAVFEY,HLA-A*24:02,1
VYQYTFPDF,HLA-A*24:02,1
VYQYTFPDFL,HLA-A*24:02,1
VYSGSIPYL,HLA-A*24:02,1
WADEYLCVNA,HLA-A*02:01,0
WAFSAIGNV,HLA-A*02:01,0
WEPSKGWKNW,HLA-B*44:02,1
WFDISYTIYK,HLA-A*03:01,1
WFDISYTIYK,HLA-A*11:01,1
WFYDNDNPY,HLA-A*29:02,0
WFYDNDNPY,HLA-B*35:01,0
WHYPCTVNF,HLA-A*24:02,1
WIIKNSWTA,HLA-A*02:01,1
WILGFVFTL,HLA-A*02:01,1
WILRGTSFV,HLA-A*02:01,0
WIPPVVSVL,HLA-A*02:01,1
WKEPDVYYT,HLA-A*02:01,0
WKYLNAVSL,HLA-B*39:01,0
WLGAAITLV,HLA-A*02:01,0
WLGARYLEF,HLA-B*08:01,0
WLGETFHGL,HLA-A*02:01,0
WLGNHGFEV,HLA-A*02:01,1
WLGNIIMFA,HLA-A*02:01,1
WLGNIIMYA,HLA-A*02:01,1
WLGTANNPV,HLA-A*02:01,1
WLIGFDFDV,HLA-A*02:01,0
WLIIIFFIV,HLA-A*02:01,0
WLMKNMDPL,HLA-A*02:01,0
WLRLPRIFC,HLA-A*02:01,0
WLSDCGEAL,HLA-A*02:01,1
WLSLLVPFV,HLA-A*02:01,1
WLSLLVPFV,HLA-A*02:02,1
WLSLLVPFV,HLA-A*02:07,1
WLWEPLRVV,HLA-A*02:01,1
WLYPGAQNL,HLA-A*02:01,1
WMGDIFVLF,HLA-A*24:02,0
WMHHNMDLV,HLA-A*02:01,0
WMHVLAAKY,HLA-A*01:01,0
WMNRLIAFA,HLA-A*02:01,1
WMTYTGGVM,HLA-A*02:01,0
WMTYTGGVMT,HLA-A*02:01,0
WPAPPGARSM,HLA-B*07:02,1
WQWEHIPPA,HLA-A*02:01,1
WRLGAIPPLV,HLA-A*02:01,1
WSWLLGAAM,HLA-A*02:01,0
WVFPESISPV,HLA-A*02:01,1
WVLALFDEV,HLA-A*02:01,1
WYELSKINP,HLA-A*02:01,1
WYKDNKEINI,HLA-A*24:02,0
WYWLIIIFFI,HLA-A*24:02,0
YAFSGVAYA,HLA-A*02:01,0
YAQDYDQYI,HLA-A*02:01,0
YAQMWTLMY,HLA-A*01:01,1
YCLLWSFQT,HLA-A*02:01,0
YDPVAALFF,HLA-A*24:02,1
YDQENPYRTW,HLA-B*44:02,1
YENDIITVPF,HLA-B*44:02,0
YENLKYSVI,HLA-B*44:02,1
YETMVDYLLF,HLA-B*44:02,0
YFFYSNIMNF,HLA-A*24:02,1
YFTYLGTTI,HLA-A*24:02,0
YFYSFSDGF,HLA-A*24:02,0
YGDDVIASY,HLA-A*01:01,1
YGVLFSGVSW,HLA-B*53:01,1
YIAEVLVSV,HLA-A*02:01,1
YIDISDVKV,HLA-A*02:01,1
YIFLGNLAL,HLA-A*02:01,1
YIGAVLVSV,HLA-A*02:01,1
YIGEALVSV,HLA-A*02:01,1
YIGEVLASV,HLA-A*02:01,1
YIGEVLVAV,HLA-A*02:01,1
YIGEVLVSA,HLA-A*02:01,1
YIGEVLVSM,HLA-A*02:01,1
YIGEVLVSV,HLA-A*02:01,1
YIGSGDSPV,HLA-A*02:01,1
YIIDWMVDI,HLA-A*02:01,0
YIIIGDSPV,HLA-A*02:01,1
YIILFILFFA,HLA-A*02:01,0
YIILGDSPV,HLA-A*02:01,1
YIIRVTTEL,HLA-A*02:01,0
YIISGDLPV,HLA-A*02:01,1
YIISGDSWV,HLA-A*02:01,1
YIISGISPV,HLA-A*02:01,1
YILCNMALL,HLA-A*02:01,0
YILEETSVLL,HLA-A*02:01,1
YILEETSVLM,HLA-A*02:01,1
YILELCNSL,HLA-A*02:01,0
YILGADPLRV,HLA-A*02:01,1
YILGADPLRV,HLA-B*13:02,1
YILYIVFCI,HLA-A*02:01,0
YILYIVFCII,HLA-A*02:01,0
YINTALLNA,HLA-A*02:01,1
YIWIKNLET,HLA-A*02:01,0
YIYYFFIRL,HLA-A*02:01,0
YKSPASDAY,HLA-A*02:01,0
YLAGAGLAF,HLA-B*07:02,1
YLAIPDLYGI,HLA-A*02:01,0
YLANGGFLI,HLA-A*02:01,1
YLAYRNQSL,HLA-A*02:01,1
YLCNQDVAFL,HLA-A*02:01,1
YLCRHCLNLL,HLA-A*02:01,1
YLCSGSSYF,HLA-A*02:01,1
YLCSGSSYFV,HLA-A*02:01,1
YLCTFMIIT,HLA-A*02:01,0
YLDEIIEQI,HLA-A*02:01,0
YLDELIKNT,HLA-A*02:01,1
YLDELIRNT,HLA-A*02:01,1
YLDGAADIV,HLA-A*02:01,0
YLDKVRATV,HLA-A*02:01,1
YLDLLFQIL,HLA-A*02:01,1
YLDLLFQILL,HLA-A*02:01,1
YLDLTLTPI,HLA-A*02:01,0
YLDPAQQNL,HLA-A*02:01,1
YLEKESIYY,HLA-A*01:01,1
YLEPGPATA,HLA-A*02:01,1
YLEPGPVAA,HLA-A*02:01,1
YLEPGPVTA,HLA-A*02:01,1
YLESFCEDV,HLA-A*02:01,1
YLFGGFSTL,HLA-A*02:01,0
YLFKMIPLL,HLA-A*02:01,0
YLFNAIETM,HLA-A*02:01,0
YLFNWAVRT,HLA-A*02:01,1
YLFRCVDAV,HLA-A*02:01,0
YLFRIVSTV,HLA-A*02:01,0
YLGEVIVSV,HLA-A*02:01,1
YLGEVLVSV,HLA-A*02:01,1
YLGMFNPYSL,HLA-A*02:01,0
YLGPRVCWL,HLA-A*02:01,0
YLIHDNIMYT,HLA-A*02:01,0
YLIIGILTL,HLA-A*02:01,1
YLIKLIEPV,HLA-A*02:01,1
YLIPAVTSL,HLA-A*02:01,0
YLISGDSPV,HLA-A*02:01,1
YLKKIKNSL,HLA-A*02:01,1
YLKKIQNSL,HLA-A*02:01,1
YLLADTFTV,HLA-A*02:01,1
YLLAIFSGL,HLA-A*02:01,1
YLLDDVLYT,HLA-A*02:01,0
YLLDGLRAQ,HLA-A*02:01,1
YLLDRGADI,HLA-A*02:01,0
YLLEMLWRL,HLA-A*02:02,1
YLLFGIKCI,HLA-A*02:01,0
YLLGDSDSV,HLA-A*02:01,0
YLLPAIVHI,HLA-A*02:01,1
YLLPEAEEI,HLA-A*02:01,1
YLLPRRGPRL,HLA-A*02:01,1
YLLPRRGPRL,HLA-A*11:01,0
YLLPRRGPRL,HLA-A*26:02,1
YLLPRRGPRL,HLA-A*26:03,1
YLLPSRGPKL,HLA-A*02:01,1
YLLSLFSTL,HLA-A*02:01,0
YLMLLFAAM,HLA-A*02:01,0
YLMLLFAAMI,HLA-A*02:01,0
YLNAVSLCI,HLA-A*02:01,0
YLNAVVGTAL,HLA-A*02:01,1
YLNDHLEPWI,HLA-A*02:01,1
YLPDPTVGV,HLA-A*02:01,0
YLPEVISTI,HLA-A*02:01,0
YLQDSLATT,HLA-A*02:01,1
YLQGQRLDNV,HLA-A*02:01,1
YLQLVFGIEV,HLA-A*02:01,0
YLQQNTHTL,HLA-A*02:01,1
YLQQNWWTL,HLA-A*02:01,1
YLRGRAYGL,HLA-B*08:01,1
YLRNFLAAP,HLA-A*02:01,1
YLRTFPAAL,HLA-A*02:01,1
YLSFSCYLSV,HLA-A*02:01,0
YLSGANLNL,HLA-A*02:01,1
YLSNIIPAL,HLA-A*02:01,1
YLTLAKHTI,HLA-A*02:01,0
YLVALGINAV,HLA-A*02:01,1
YLVAYQATV,HLA-A*02:01,1
YLVDVETIGV,HLA-A*02:01,0
YLVIYLNRT,HLA-A*02:01,0
YLVSIFLHL,HLA-A*02:01,1
YLVSSLSEI,HLA-A*02:01,0
YLYALYSPL,HLA-A*02:01,0
YLYASFCTV,HLA-A*02:01,0
YLYQLSPPI,HLA-A*02:01,0
YLYQLSPPI,HLA-A*02:06,0
YLYTEYFLFI,HLA-B*07:02,1
YLYTEYFLFL,HLA-A*02:01,1
YLYVDKNFI,HLA-A*02:01,0
YMATTILEM,HLA-A*02:01,0
YMATTILEMV,HLA-A*02:01,0
YMCLIIICCV,HLA-A*02:01,0
YMCTHRLLLL,HLA-A*02:01,0
YMDAVFEYTI,HLA-A*02:01,0
YMDAVFEYTI,HLA-B*38:01,0
YMDDVVLGA,HLA-A*02:01,0
YMDGTMSQV,HLA-A*02:01,1
YMESVFQMY,HLA-A*01:01,1
YMFFVIKNL,HLA-A*02:01,0
YMFLASPSV,HLA-A*02:01,1
YMFYKIFFV,HLA-A*02:01,0
YMGFRLYLA,HLA-A*02:01,0
YMLAHVTGL,HLA-A*02:01,0
YMLDLQPETT,HLA-A*02:01,1
YMNSIRLYA,HLA-A*02:01,1
YMPDVLEKL,HLA-A*02:05,0
YMPYPGTRI,HLA-A*02:01,1
YMSPHHKKL,HLA-B*08:01,0
YMTFGDIPL,HLA-A*02:01,0
YMTFGDIPLV,HLA-A*02:01,0
YMVPFIPLY,HLA-A*02:01,0
YMWLGARYL,HLA-A*02:01,0
YMYGSPGEL,HLA-A*02:01,1
YPALMPLYA,HLA-B*51:01,0
YPHYKSCAL,HLA-B*07:02,0
YPHYKSCALV,HLA-B*07:02,0
YPLEYFSLV,HLA-B*07:02,0
YPLHIASKI,HLA-B*07:02,0
YPRLMLLKKL,HLA-B*07:02,0
YPSNKNYEI,HLA-B*07:02,1
YPTNKLQAA,HLA-B*07:02,0
YQDFIYLLFA,HLA-A*02:01,0
YQLAGYILT,HLA-A*02:01,0
YQLAGYILTV,HLA-A*02:01,0
YQMLLALVAL,HLA-A*02:01,0
YQSGLSIVM,HLA-C*12:02,1
YQWQWVPAV,HLA-A*02:01,1
YRSGIIAVV,HLA-B*39:06,1
YSHGTGTGY,HLA-A*26:01,1
YSISNDLLY,HLA-A*01:01,0
YSNIMNFFK,HLA-A*24:02,1
YTAFTIPSV,HLA-A*02:01,1
YTFLYNFWT,HLA-A*02:01,0
YTGVNGAVY,HLA-A*01:01,0
YTIERIFNA,HLA-A*02:01,0
YTMDGEYRL,HLA-A*02:01,1
YTMDGEYRL,HLA-B*39:01,1
YTNWAIILL,HLA-A*02:01,0
YTNWAIILLV,HLA-A*02:01,0
YTSAFVFPTK,HLA-A*11:01,0
YTSEILSPI,HLA-A*02:01,1
YTTDRVMTV,HLA-A*02:01,0
YTYEDLVPY,HLA-A*01:01,0
YTYSGLFCVV,HLA-A*02:01,0
YVASYLLAA,HLA-A*02:01,0
YVFTLLVSL,HLA-A*02:01,1
YVGDLCGCV,HLA-A*02:01,1
YVGDLCGSV,HLA-A*02:01,1
YVILTILTI,HLA-A*24:02,1
YVIRAQLHV,HLA-A*02:01,0
YVIRDLAAM,HLA-A*26:01,1
YVLDHLIVV,HLA-A*02:01,1
YVLDLQPEAT,HLA-A*02:01,1
YVLEETSVLL,HLA-A*02:01,1
YVLEETSVML,HLA-A*02:01,1
YVLGGCRHK,HLA-A*11:01,0
YVLLHLLVV,HLA-A*02:01,0
YVLTWIVGA,HLA-A*02:01,1
YVNAILYQI,HLA-A*02:01,1
YVNELVVFV,HLA-A*02:01,1
YVNGVVVATV,HLA-A*02:01,0
YVNTNMGLK,HLA-A*11:01,1
YVPGYSITT,HLA-A*02:01,0
YVSDTVTFV,HLA-A*02:01,1
YVSYHTVYI,HLA-A*02:01,0
YVTAMDIFV,HLA-A*02:01,1
YVVIAILTV,HLA-A*02:01,1
YVVIAILTVV,HLA-A*02:01,1
YVVKFVFEA,HLA-A*02:01,0
YVYPDNLPV,HLA-A*02:01,0
YWLIIIFFI,HLA-A*24:02,0
YYKVFLARL,HLA-A*24:02,1
YYLEKANKI,HLA-A*24:02,1
YYMATLKNV,HLA-A*24:02,1
YYNAFHWAI,HLA-A*24:02,1
YYPYISLNM,HLA-A*24:02,0
YYQLAGYIL,HLA-A*24:02,0
YYSKNLNSF,HLA-A*24:02,1
YYSKNLNSFF,HLA-A*24:02,1
YYSPKTPDY,HLA-A*01:01,0
YYYHISKPKM,HLA-A*24:02,0
